order_id,customer_id,product_id,order_amount,quantity,discount_percent,billing_state,shipping_state,account_age_days,customer_order_count,customer_return_count,refund_amount,return_flag,urgent_shipping_flag,manual_override_flag,order_hour,fraud_label
ORD000001,CUST0027,PROD0065,9012.86,22,0,Georgia,Georgia,1379,109,1,0.0,0,0,0,5,0
ORD000002,CUST0233,PROD0059,923.42,2,20,Florida,Florida,1801,5,1,575.81,1,0,0,7,0
ORD000003,CUST0197,PROD0045,1410.77,10,40,Georgia,Georgia,1287,50,16,0.0,0,0,0,11,0
ORD000004,CUST0132,PROD0071,2199.02,11,25,Illinois,Illinois,1212,22,0,2415.67,1,0,0,1,1
ORD000005,CUST0130,PROD0011,9329.6,20,5,Florida,Florida,1656,69,19,10147.06,1,1,0,1,0
ORD000006,CUST0258,PROD0074,1253.37,4,0,California,California,1948,60,11,0.0,0,0,0,6,0
ORD000007,CUST0026,PROD0069,3443.54,11,30,Illinois,Illinois,1723,57,4,2613.96,1,0,0,21,0
ORD000008,CUST0210,PROD0041,802.57,4,30,Washington,New York,463,117,16,0.0,0,0,0,5,0
ORD000009,CUST0061,PROD0059,2341.54,19,15,Georgia,Texas,1126,64,16,2548.79,1,0,0,17,0
ORD000010,CUST0029,PROD0042,6150.17,16,15,Washington,Washington,1637,49,22,0.0,0,1,0,10,0
ORD000011,CUST0158,PROD0022,1037.56,12,10,California,California,589,9,5,0.0,0,0,0,18,0
ORD000012,CUST0293,PROD0064,1216.61,10,10,Illinois,Arizona,1350,35,16,679.0,1,0,0,7,1
ORD000013,CUST0221,PROD0020,1534.23,4,0,Washington,Washington,46,107,25,1560.7,1,1,0,20,0
ORD000014,CUST0229,PROD0026,10428.58,23,0,Florida,Washington,1754,54,8,0.0,0,1,0,8,0
ORD000015,CUST0216,PROD0042,8191.57,16,5,Florida,Florida,1229,109,25,0.0,0,0,0,18,0
ORD000016,CUST0236,PROD0067,1068.6,8,25,Arizona,Arizona,1486,64,21,0.0,0,0,0,19,0
ORD000017,CUST0154,PROD0031,842.2,10,0,Illinois,Illinois,1651,66,12,532.45,1,1,0,10,0
ORD000018,CUST0039,PROD0040,9824.07,18,5,Washington,Washington,438,52,26,0.0,0,1,1,16,1
ORD000019,CUST0252,PROD0004,1676.35,18,15,Florida,New York,901,67,29,1587.75,1,0,0,2,1
ORD000020,CUST0136,PROD0010,1534.97,12,5,New York,New York,1717,8,7,0.0,0,0,1,11,0
ORD000021,CUST0151,PROD0005,1436.18,8,5,Illinois,Illinois,330,7,7,0.0,0,0,1,8,0
ORD000022,CUST0112,PROD0006,4447.84,16,15,Georgia,Georgia,1645,57,0,0.0,0,1,0,22,0
ORD000023,CUST0055,PROD0070,7661.36,16,10,Illinois,Illinois,576,72,3,0.0,0,0,0,22,0
ORD000024,CUST0279,PROD0068,5879.24,15,15,Washington,Washington,1151,66,1,0.0,0,0,0,18,0
ORD000025,CUST0235,PROD0066,603.02,2,30,California,California,1020,52,11,0.0,0,0,0,22,0
ORD000026,CUST0194,PROD0005,1386.29,12,5,Georgia,Georgia,1373,35,28,533.99,1,1,0,23,0
ORD000027,CUST0121,PROD0007,2388.29,15,30,Texas,Texas,1673,85,18,0.0,0,0,0,18,0
ORD000028,CUST0247,PROD0023,4789.35,23,30,Georgia,Georgia,698,72,18,3035.82,1,0,0,14,0
ORD000029,CUST0164,PROD0046,1028.69,13,25,Florida,Florida,344,6,2,0.0,0,1,0,4,0
ORD000030,CUST0134,PROD0027,1366.21,9,15,Georgia,Georgia,846,54,15,0.0,0,0,0,19,0
ORD000031,CUST0136,PROD0040,2366.12,14,15,Georgia,Georgia,1224,85,11,0.0,0,0,0,4,0
ORD000032,CUST0069,PROD0014,398.74,5,15,Arizona,Arizona,1501,94,14,135.23,1,0,0,4,0
ORD000033,CUST0028,PROD0059,813.93,3,20,Georgia,Georgia,1506,35,7,0.0,0,0,0,21,0
ORD000034,CUST0167,PROD0026,7291.58,17,0,Illinois,Illinois,680,111,6,0.0,0,0,0,2,0
ORD000035,CUST0267,PROD0006,872.07,24,40,Arizona,Georgia,1872,78,28,751.35,1,0,0,3,1
ORD000036,CUST0020,PROD0060,5338.07,21,15,Texas,Texas,167,53,16,0.0,0,1,0,12,0
ORD000037,CUST0258,PROD0073,5684.19,15,20,California,California,234,75,12,0.0,0,0,0,14,0
ORD000038,CUST0249,PROD0002,408.45,1,10,Illinois,Illinois,50,104,2,0.0,0,1,0,1,0
ORD000039,CUST0084,PROD0035,11825.82,24,0,Arizona,Arizona,1852,27,22,0.0,0,0,1,9,0
ORD000040,CUST0190,PROD0067,2771.8,11,10,Arizona,Arizona,361,18,14,1933.43,1,0,0,5,0
ORD000041,CUST0050,PROD0057,3124.32,7,10,Illinois,Illinois,1203,53,11,0.0,0,0,0,7,0
ORD000042,CUST0228,PROD0069,3160.81,22,10,Illinois,Illinois,1626,10,10,0.0,0,0,0,4,0
ORD000043,CUST0211,PROD0034,3714.18,18,10,Illinois,Washington,1533,100,3,0.0,0,1,0,16,0
ORD000044,CUST0107,PROD0030,2091.09,18,5,Arizona,Arizona,1897,116,15,679.06,1,0,0,11,0
ORD000045,CUST0021,PROD0057,1834.19,7,10,Arizona,Arizona,108,73,25,0.0,0,0,0,23,0
ORD000046,CUST0292,PROD0013,5343.73,24,10,California,California,814,117,13,3001.71,1,1,0,0,0
ORD000047,CUST0134,PROD0020,1054.27,11,40,Illinois,Illinois,1012,9,0,0.0,0,0,0,18,0
ORD000048,CUST0268,PROD0049,5632.01,13,5,Florida,Florida,1392,76,6,0.0,0,0,0,21,0
ORD000049,CUST0204,PROD0054,3646.66,19,5,Arizona,Arizona,1245,53,1,1834.66,1,0,0,11,0
ORD000050,CUST0234,PROD0010,2709.04,16,5,Illinois,Illinois,1120,34,15,950.93,1,0,0,16,0
ORD000051,CUST0228,PROD0041,407.64,5,15,Georgia,Georgia,614,38,10,247.85,1,1,0,10,0
ORD000052,CUST0059,PROD0030,1976.52,8,10,Florida,Florida,213,65,3,0.0,0,0,0,14,0
ORD000053,CUST0110,PROD0041,1497.25,9,15,Washington,Washington,863,77,20,0.0,0,0,0,21,0
ORD000054,CUST0141,PROD0077,3231.66,23,40,California,California,520,20,5,0.0,0,0,0,12,0
ORD000055,CUST0150,PROD0007,2682.62,18,5,Georgia,Georgia,1109,74,10,0.0,0,0,0,13,0
ORD000056,CUST0014,PROD0080,3330.94,9,20,Texas,Texas,1594,111,29,0.0,0,0,0,23,0
ORD000057,CUST0164,PROD0036,10069.23,18,0,Florida,Florida,1105,2,1,0.0,0,1,0,11,0
ORD000058,CUST0047,PROD0062,5280.49,18,5,Arizona,Arizona,1166,105,7,0.0,0,0,0,4,0
ORD000059,CUST0224,PROD0034,3536.45,10,10,Georgia,Georgia,84,73,9,0.0,0,1,0,16,0
ORD000060,CUST0205,PROD0025,5229.6,10,0,Florida,Florida,1289,41,15,0.0,0,1,0,16,0
ORD000061,CUST0277,PROD0062,11207.31,22,15,Florida,Florida,879,88,7,0.0,0,0,1,5,0
ORD000062,CUST0224,PROD0056,4472.49,14,15,California,California,248,74,29,0.0,0,0,0,17,0
ORD000063,CUST0110,PROD0012,1715.43,4,20,Georgia,Texas,428,92,0,0.0,0,0,0,1,0
ORD000064,CUST0291,PROD0057,8861.28,18,10,California,California,1561,10,10,0.0,0,0,0,7,0
ORD000065,CUST0124,PROD0061,6107.78,15,15,California,Georgia,1833,8,8,0.0,0,0,0,20,0
ORD000066,CUST0098,PROD0032,3361.88,13,10,Florida,Florida,1015,77,1,2767.69,1,0,0,14,0
ORD000067,CUST0272,PROD0075,1207.25,18,0,California,California,1953,37,3,0.0,0,0,0,14,0
ORD000068,CUST0112,PROD0052,641.68,22,0,Texas,Texas,360,29,3,0.0,0,1,1,14,0
ORD000069,CUST0023,PROD0027,2018.08,8,15,Washington,Washington,599,51,8,0.0,0,0,0,3,0
ORD000070,CUST0141,PROD0001,2024.24,11,40,Washington,Washington,1860,87,9,0.0,0,0,0,23,0
ORD000071,CUST0239,PROD0054,1281.35,5,0,New York,New York,351,22,19,0.0,0,0,0,7,0
ORD000072,CUST0057,PROD0017,4753.7,16,15,Arizona,Arizona,1319,116,9,3831.51,1,0,0,18,0
ORD000073,CUST0139,PROD0061,2722.03,10,20,Illinois,Illinois,439,51,21,0.0,0,0,0,23,0
ORD000074,CUST0039,PROD0043,3410.34,9,25,Texas,California,663,18,8,0.0,0,1,0,5,1
ORD000075,CUST0206,PROD0038,1199.66,17,15,Washington,Arizona,956,9,7,0.0,0,0,0,15,0
ORD000076,CUST0143,PROD0014,1280.13,10,15,Illinois,Illinois,720,103,8,0.0,0,0,0,1,0
ORD000077,CUST0100,PROD0057,4607.45,12,20,Arizona,Arizona,1749,14,9,0.0,0,1,0,15,0
ORD000078,CUST0069,PROD0014,4221.9,11,25,Texas,Texas,1945,50,25,0.0,0,1,0,10,0
ORD000079,CUST0170,PROD0034,4178.99,7,0,Texas,Florida,1000,80,7,3020.91,1,0,0,1,0
ORD000080,CUST0201,PROD0067,1473.61,4,30,New York,New York,1050,62,8,0.0,0,0,0,16,0
ORD000081,CUST0283,PROD0074,10722.83,20,0,New York,New York,111,32,28,0.0,0,0,0,23,1
ORD000082,CUST0132,PROD0080,455.22,3,25,Georgia,Georgia,469,13,13,468.51,1,0,0,1,1
ORD000083,CUST0049,PROD0077,2023.71,8,0,Washington,Washington,80,85,5,0.0,0,0,0,21,0
ORD000084,CUST0250,PROD0045,2834.15,17,5,Illinois,Illinois,1713,59,26,0.0,0,1,0,20,0
ORD000085,CUST0189,PROD0017,1486.61,4,0,Illinois,Illinois,455,6,5,0.0,0,0,1,13,0
ORD000086,CUST0211,PROD0068,8128.9,16,10,Georgia,Georgia,681,22,4,0.0,0,0,0,21,0
ORD000087,CUST0030,PROD0065,3562.25,18,10,Florida,Florida,1685,67,13,0.0,0,0,0,7,0
ORD000088,CUST0094,PROD0080,5214.53,16,5,Texas,Texas,1426,21,20,0.0,0,1,0,17,0
ORD000089,CUST0231,PROD0053,1381.35,8,10,Texas,Washington,1243,47,5,0.0,0,1,1,16,0
ORD000090,CUST0250,PROD0012,106.64,1,10,New York,Arizona,77,15,15,0.0,0,0,0,13,0
ORD000091,CUST0131,PROD0041,2344.45,22,20,Washington,New York,1126,95,4,0.0,0,0,0,20,0
ORD000092,CUST0242,PROD0036,300.21,8,30,Florida,Florida,1122,76,23,0.0,0,1,1,21,0
ORD000093,CUST0253,PROD0068,9700.03,20,15,Florida,Florida,638,94,2,0.0,0,0,0,18,0
ORD000094,CUST0117,PROD0032,1268.35,5,0,Florida,Florida,1490,7,7,0.0,0,0,0,14,0
ORD000095,CUST0270,PROD0027,1914.4,4,5,Georgia,Georgia,1858,45,19,1223.36,1,0,0,23,0
ORD000096,CUST0087,PROD0007,5521.78,19,30,Georgia,Georgia,518,32,7,0.0,0,1,0,13,0
ORD000097,CUST0072,PROD0067,3020.23,23,0,Texas,Texas,663,75,18,0.0,0,1,1,15,0
ORD000098,CUST0205,PROD0061,2301.42,21,10,California,California,645,98,20,0.0,0,0,0,4,0
ORD000099,CUST0192,PROD0004,6529.68,19,30,Texas,Texas,1670,28,19,0.0,0,0,0,7,0
ORD000100,CUST0042,PROD0035,624.72,6,40,Arizona,Arizona,156,92,11,0.0,0,1,0,21,0
ORD000101,CUST0250,PROD0039,10884.17,22,10,Florida,Florida,1791,70,23,10494.53,1,0,0,11,1
ORD000102,CUST0060,PROD0038,1462.8,17,15,Arizona,Arizona,1550,99,21,0.0,0,1,0,12,0
ORD000103,CUST0242,PROD0074,1858.82,5,10,Washington,Washington,967,10,9,0.0,0,1,0,19,0
ORD000104,CUST0003,PROD0013,1575.66,4,20,Illinois,Illinois,1167,118,22,0.0,0,0,1,7,0
ORD000105,CUST0240,PROD0025,3285.42,21,0,New York,New York,1788,52,27,0.0,0,0,0,6,0
ORD000106,CUST0237,PROD0015,1261.4,7,0,New York,Washington,1539,34,24,0.0,0,1,0,0,0
ORD000107,CUST0235,PROD0020,9357.65,19,15,Texas,Texas,554,22,21,7615.61,1,0,0,5,1
ORD000108,CUST0200,PROD0073,659.17,4,5,Illinois,Illinois,101,118,22,0.0,0,0,0,12,0
ORD000109,CUST0142,PROD0076,1602.78,7,15,New York,New York,1317,106,24,0.0,0,0,0,17,0
ORD000110,CUST0212,PROD0004,1706.41,7,10,New York,New York,292,16,8,758.95,1,1,0,7,0
ORD000111,CUST0084,PROD0051,817.12,7,30,California,California,176,53,21,0.0,0,1,0,10,0
ORD000112,CUST0235,PROD0019,5991.98,17,25,Arizona,Arizona,1964,88,5,0.0,0,1,0,5,0
ORD000113,CUST0167,PROD0016,9259.92,22,10,Georgia,Georgia,948,71,10,7712.63,1,0,0,19,0
ORD000114,CUST0138,PROD0024,4213.87,22,20,Florida,Florida,1302,23,23,2729.99,1,0,0,12,0
ORD000115,CUST0152,PROD0016,8624.78,18,5,Illinois,Illinois,435,43,8,0.0,0,1,0,3,0
ORD000116,CUST0171,PROD0040,646.13,5,10,Georgia,Georgia,204,44,25,0.0,0,0,0,14,0
ORD000117,CUST0012,PROD0080,512.94,24,5,Illinois,Illinois,126,35,12,0.0,0,0,0,8,0
ORD000118,CUST0042,PROD0047,3688.41,14,25,Illinois,Illinois,709,115,6,0.0,0,1,1,20,0
ORD000119,CUST0074,PROD0058,6263.93,14,25,Florida,Florida,8,25,2,0.0,0,1,0,6,1
ORD000120,CUST0035,PROD0040,504.72,17,30,Illinois,Illinois,840,85,16,0.0,0,1,0,20,0
ORD000121,CUST0132,PROD0002,2004.1,19,25,Illinois,Illinois,650,109,13,0.0,0,1,1,16,0
ORD000122,CUST0201,PROD0007,4429.39,23,40,Washington,Washington,1054,95,15,0.0,0,0,0,3,0
ORD000123,CUST0197,PROD0022,6513.88,14,5,Illinois,Illinois,1179,96,1,0.0,0,1,1,18,0
ORD000124,CUST0142,PROD0020,752.27,15,30,Illinois,Illinois,617,19,8,0.0,0,0,0,17,0
ORD000125,CUST0257,PROD0068,3813.31,18,15,California,California,911,16,0,0.0,0,0,0,10,0
ORD000126,CUST0170,PROD0068,2855.81,7,10,Georgia,Arizona,157,94,9,0.0,0,0,0,3,0
ORD000127,CUST0024,PROD0069,1601.37,8,15,Georgia,Georgia,604,89,27,991.85,1,0,0,11,0
ORD000128,CUST0230,PROD0052,1865.16,16,10,Texas,Texas,1956,89,4,0.0,0,0,0,14,0
ORD000129,CUST0173,PROD0045,253.44,2,5,New York,New York,1982,50,20,0.0,0,0,0,3,0
ORD000130,CUST0191,PROD0052,1959.5,8,5,Georgia,Georgia,972,63,0,772.63,1,0,0,8,0
ORD000131,CUST0170,PROD0033,5365.11,18,0,New York,New York,1879,2,2,0.0,0,0,0,16,0
ORD000132,CUST0167,PROD0054,11228.81,24,10,Arizona,Arizona,1003,35,27,0.0,0,1,0,13,0
ORD000133,CUST0028,PROD0064,3571.81,13,30,Arizona,Arizona,252,63,10,0.0,0,0,0,23,0
ORD000134,CUST0168,PROD0062,3573.68,10,15,Arizona,Arizona,1735,15,5,0.0,0,1,0,5,0
ORD000135,CUST0239,PROD0050,5842.31,11,10,California,California,830,16,16,0.0,0,0,0,18,0
ORD000136,CUST0092,PROD0005,3960.7,17,10,Florida,Washington,1225,6,6,0.0,0,0,0,10,1
ORD000137,CUST0181,PROD0058,3199.71,14,10,Illinois,Illinois,1298,25,25,0.0,0,0,0,5,0
ORD000138,CUST0010,PROD0030,527.76,1,5,Arizona,Arizona,616,119,25,505.94,1,0,1,22,0
ORD000139,CUST0105,PROD0060,1585.43,13,25,Texas,Texas,1467,83,19,0.0,0,0,0,14,0
ORD000140,CUST0132,PROD0044,4211.28,10,5,New York,New York,1003,113,19,3751.34,1,0,1,12,0
ORD000141,CUST0295,PROD0071,6224.07,17,20,Texas,Texas,733,31,18,0.0,0,0,0,7,0
ORD000142,CUST0065,PROD0028,1350.22,22,20,Arizona,Arizona,596,72,22,0.0,0,0,0,21,0
ORD000143,CUST0083,PROD0075,5948.11,24,15,Georgia,Arizona,1492,107,13,0.0,0,0,0,0,0
ORD000144,CUST0123,PROD0068,1533.67,15,25,Texas,Texas,499,42,29,0.0,0,1,0,2,0
ORD000145,CUST0298,PROD0027,1090.28,9,5,Texas,Texas,249,79,10,0.0,0,0,0,4,0
ORD000146,CUST0257,PROD0039,2225.46,11,30,New York,New York,1763,83,0,2120.85,1,1,0,15,0
ORD000147,CUST0011,PROD0043,751.48,5,20,Georgia,Florida,664,100,20,773.03,1,0,0,2,1
ORD000148,CUST0071,PROD0062,8863.56,23,20,Florida,Florida,1282,116,19,8238.0,1,0,0,19,1
ORD000149,CUST0247,PROD0056,9753.43,21,15,New York,New York,1433,74,29,7473.33,1,0,0,4,0
ORD000150,CUST0018,PROD0069,7647.85,21,25,New York,New York,1676,70,11,0.0,0,0,0,16,0
ORD000151,CUST0257,PROD0030,836.63,8,40,Illinois,Illinois,1251,104,12,0.0,0,0,0,19,0
ORD000152,CUST0085,PROD0041,1288.79,8,10,Florida,Florida,1416,82,16,0.0,0,0,0,21,0
ORD000153,CUST0276,PROD0035,2641.94,21,25,Texas,Texas,1674,44,11,0.0,0,0,0,7,0
ORD000154,CUST0089,PROD0073,1101.21,14,20,Arizona,Arizona,1886,75,23,1085.22,1,0,0,1,0
ORD000155,CUST0131,PROD0025,8681.27,17,10,Florida,Florida,94,66,12,0.0,0,0,0,18,0
ORD000156,CUST0199,PROD0047,2126.78,12,30,New York,Texas,1486,28,23,0.0,0,0,0,10,1
ORD000157,CUST0038,PROD0010,1488.17,11,10,Washington,Washington,349,62,12,0.0,0,0,1,22,0
ORD000158,CUST0168,PROD0069,6950.54,16,15,Washington,Texas,1782,75,6,0.0,0,1,0,4,0
ORD000159,CUST0152,PROD0031,5030.67,20,0,Texas,Texas,97,108,29,5167.51,1,1,0,13,0
ORD000160,CUST0236,PROD0028,345.14,9,5,California,California,494,70,15,0.0,0,0,0,2,0
ORD000161,CUST0299,PROD0047,1708.89,20,25,California,California,385,20,20,0.0,0,1,0,11,0
ORD000162,CUST0200,PROD0040,2110.13,6,10,Arizona,Arizona,1207,118,17,0.0,0,0,1,0,0
ORD000163,CUST0123,PROD0068,4266.77,10,10,Washington,Washington,9,69,10,0.0,0,1,0,18,0
ORD000164,CUST0122,PROD0043,2974.95,22,5,Arizona,Arizona,35,35,29,1728.9,1,0,0,14,0
ORD000165,CUST0126,PROD0042,11428.25,23,10,Washington,Washington,1008,90,11,0.0,0,1,1,2,1
ORD000166,CUST0245,PROD0009,8859.23,23,25,Florida,Florida,1943,46,29,0.0,0,0,0,11,1
ORD000167,CUST0097,PROD0002,2867.54,8,30,Illinois,Arizona,1057,45,12,0.0,0,0,0,10,0
ORD000168,CUST0051,PROD0032,3192.91,21,0,Washington,Washington,892,100,0,0.0,0,0,0,16,0
ORD000169,CUST0101,PROD0080,964.03,23,15,Florida,Florida,1316,104,1,0.0,0,0,0,11,0
ORD000170,CUST0007,PROD0074,11299.08,24,10,Georgia,Georgia,1104,63,29,0.0,0,0,0,11,0
ORD000171,CUST0032,PROD0051,167.76,1,15,Georgia,Georgia,770,45,15,0.0,0,0,0,19,0
ORD000172,CUST0028,PROD0051,6139.34,18,10,Arizona,Arizona,1177,103,11,0.0,0,0,0,12,0
ORD000173,CUST0232,PROD0032,9952.87,24,10,Georgia,Georgia,7,21,21,0.0,0,1,1,19,1
ORD000174,CUST0217,PROD0015,1614.41,19,10,Florida,Florida,489,89,18,0.0,0,1,0,21,0
ORD000175,CUST0210,PROD0001,2411.72,6,15,California,California,1348,70,19,0.0,0,0,0,20,0
ORD000176,CUST0139,PROD0028,9650.16,19,10,Florida,Florida,683,102,20,0.0,0,0,0,22,0
ORD000177,CUST0216,PROD0026,1194.64,3,10,Washington,Washington,109,51,5,0.0,0,0,0,16,0
ORD000178,CUST0049,PROD0016,2483.18,12,25,Arizona,Arizona,249,100,2,0.0,0,0,0,13,0
ORD000179,CUST0271,PROD0021,6764.46,16,20,Florida,Florida,1732,2,2,0.0,0,1,0,12,0
ORD000180,CUST0151,PROD0002,3226.66,11,10,New York,New York,659,91,0,0.0,0,0,0,4,0
ORD000181,CUST0282,PROD0049,5762.58,17,25,Florida,Florida,46,9,9,0.0,0,0,0,19,1
ORD000182,CUST0046,PROD0075,2231.52,6,25,Arizona,Illinois,1457,77,3,0.0,0,0,0,16,1
ORD000183,CUST0150,PROD0056,6478.4,15,5,California,California,1061,24,7,0.0,0,1,0,20,0
ORD000184,CUST0209,PROD0036,2542.6,16,15,New York,New York,903,115,21,0.0,0,0,0,16,0
ORD000185,CUST0149,PROD0034,1342.91,16,5,Texas,Texas,1789,92,18,0.0,0,1,0,11,0
ORD000186,CUST0134,PROD0025,886.12,7,20,Arizona,Arizona,628,13,13,0.0,0,0,0,7,0
ORD000187,CUST0050,PROD0012,2368.67,8,5,Florida,California,1145,107,18,1133.15,1,0,0,23,0
ORD000188,CUST0115,PROD0048,1862.71,7,15,California,Texas,1490,30,1,0.0,0,0,0,17,0
ORD000189,CUST0072,PROD0046,4080.44,12,5,New York,Georgia,1217,65,25,0.0,0,1,0,20,0
ORD000190,CUST0091,PROD0001,3363.65,15,10,California,California,416,11,6,0.0,0,0,0,14,0
ORD000191,CUST0206,PROD0034,3001.3,9,30,Florida,Washington,1363,13,4,0.0,0,0,0,12,1
ORD000192,CUST0190,PROD0023,4946.66,10,10,Georgia,Georgia,1487,29,26,0.0,0,0,0,0,0
ORD000193,CUST0183,PROD0014,856.28,7,25,Illinois,Illinois,245,64,5,0.0,0,0,0,1,0
ORD000194,CUST0109,PROD0057,1609.86,6,40,Arizona,Arizona,331,65,16,0.0,0,0,0,16,0
ORD000195,CUST0288,PROD0043,4958.68,16,25,Washington,Washington,1350,102,14,0.0,0,0,0,5,0
ORD000196,CUST0027,PROD0051,6144.46,20,5,Georgia,Georgia,238,20,20,0.0,0,0,1,1,0
ORD000197,CUST0103,PROD0058,679.07,7,25,New York,Arizona,1760,90,1,0.0,0,0,1,18,1
ORD000198,CUST0036,PROD0079,10105.93,21,0,Georgia,Georgia,220,1,1,0.0,0,0,0,14,0
ORD000199,CUST0102,PROD0065,7272.26,14,10,Texas,Florida,1948,35,12,0.0,0,0,0,2,0
ORD000200,CUST0289,PROD0050,1644.99,5,25,Florida,California,1343,21,14,0.0,0,0,1,11,1
ORD000201,CUST0110,PROD0071,3976.98,9,20,Washington,Washington,886,15,15,3980.15,1,0,0,11,0
ORD000202,CUST0273,PROD0039,502.2,1,15,New York,New York,537,70,18,0.0,0,1,1,0,0
ORD000203,CUST0149,PROD0079,201.77,1,10,New York,California,689,108,4,104.3,1,0,0,14,0
ORD000204,CUST0210,PROD0061,2633.65,9,25,Texas,Texas,1497,80,29,0.0,0,1,1,9,1
ORD000205,CUST0138,PROD0053,2594.95,11,20,California,California,1506,102,13,0.0,0,0,0,21,0
ORD000206,CUST0080,PROD0073,10660.4,20,10,Illinois,Illinois,418,71,28,0.0,0,1,0,2,0
ORD000207,CUST0230,PROD0042,208.34,4,30,Georgia,Georgia,1086,7,7,0.0,0,1,0,20,0
ORD000208,CUST0291,PROD0058,5170.59,21,5,Texas,Arizona,1985,42,1,0.0,0,0,0,0,0
ORD000209,CUST0080,PROD0023,3008.53,6,5,Florida,Florida,515,99,15,0.0,0,0,0,18,0
ORD000210,CUST0234,PROD0078,628.15,4,15,Georgia,Georgia,1387,6,6,0.0,0,1,0,18,0
ORD000211,CUST0079,PROD0050,4864.58,17,40,Arizona,Arizona,345,12,12,0.0,0,0,1,9,0
ORD000212,CUST0216,PROD0063,4368.36,19,5,California,California,1668,100,9,0.0,0,0,0,6,0
ORD000213,CUST0237,PROD0037,8384.52,15,5,Illinois,Illinois,341,8,8,0.0,0,0,0,3,0
ORD000214,CUST0135,PROD0070,1597.34,3,0,Texas,Illinois,595,115,14,649.09,1,0,0,8,0
ORD000215,CUST0222,PROD0006,438.22,3,25,Texas,Texas,918,91,5,0.0,0,0,0,16,0
ORD000216,CUST0082,PROD0010,4433.76,10,5,Texas,Texas,741,80,8,0.0,0,0,0,17,0
ORD000217,CUST0024,PROD0041,2132.23,11,10,Illinois,Illinois,341,64,4,1067.28,1,0,1,4,0
ORD000218,CUST0029,PROD0059,5352.34,24,40,Texas,Arizona,1282,11,11,0.0,0,0,0,0,1
ORD000219,CUST0135,PROD0065,2813.43,7,0,New York,New York,40,50,20,1560.63,1,0,0,13,0
ORD000220,CUST0271,PROD0036,2129.95,5,15,Texas,Texas,1967,97,11,0.0,0,0,1,13,0
ORD000221,CUST0039,PROD0052,707.56,23,10,New York,New York,105,108,11,585.48,1,0,1,23,0
ORD000222,CUST0137,PROD0045,443.07,4,25,Washington,Florida,668,54,2,477.74,1,0,0,18,1
ORD000223,CUST0212,PROD0077,389.62,1,10,Florida,Florida,1859,100,8,0.0,0,0,0,13,0
ORD000224,CUST0061,PROD0053,3433.75,11,10,New York,Florida,311,93,27,0.0,0,0,0,14,1
ORD000225,CUST0217,PROD0034,2920.78,10,5,Illinois,Illinois,146,7,0,0.0,0,0,0,15,0
ORD000226,CUST0092,PROD0078,624.26,15,20,Illinois,Illinois,1488,74,4,0.0,0,0,0,10,0
ORD000227,CUST0243,PROD0009,3907.2,22,20,California,California,147,74,25,1963.18,1,0,0,16,0
ORD000228,CUST0174,PROD0079,12000.44,23,0,Georgia,Illinois,1799,65,15,0.0,0,0,0,4,0
ORD000229,CUST0165,PROD0013,238.88,7,10,Georgia,Georgia,902,92,0,0.0,0,0,1,19,0
ORD000230,CUST0054,PROD0024,4198.87,24,30,Illinois,Illinois,1738,106,14,3914.27,1,0,0,20,1
ORD000231,CUST0139,PROD0066,9090.98,16,0,Illinois,Illinois,490,66,22,0.0,0,0,0,10,0
ORD000232,CUST0257,PROD0059,94.07,2,5,Washington,Georgia,283,39,10,0.0,0,1,0,10,0
ORD000233,CUST0006,PROD0078,8891.91,23,15,Florida,Florida,1925,117,11,0.0,0,0,0,11,0
ORD000234,CUST0228,PROD0060,609.9,4,10,New York,New York,1524,115,18,0.0,0,1,0,19,0
ORD000235,CUST0148,PROD0051,7447.52,15,5,New York,Florida,1822,82,17,0.0,0,0,0,4,1
ORD000236,CUST0216,PROD0028,7741.5,19,10,Texas,Illinois,640,77,27,0.0,0,1,0,8,1
ORD000237,CUST0199,PROD0001,3042.14,6,5,Arizona,Arizona,810,13,7,0.0,0,0,0,14,0
ORD000238,CUST0130,PROD0010,914.99,7,10,New York,New York,1154,48,8,0.0,0,0,0,16,0
ORD000239,CUST0093,PROD0024,3150.24,12,20,New York,New York,898,24,4,1795.75,1,1,1,7,0
ORD000240,CUST0189,PROD0004,8825.96,22,15,Georgia,Georgia,486,62,19,4488.78,1,0,0,2,0
ORD000241,CUST0043,PROD0041,975.04,6,0,Illinois,Illinois,750,99,16,0.0,0,0,0,12,0
ORD000242,CUST0176,PROD0063,1845.99,16,25,Illinois,Illinois,1217,27,10,0.0,0,1,0,15,0
ORD000243,CUST0029,PROD0078,373.75,11,5,Texas,Texas,76,119,20,0.0,0,0,0,18,0
ORD000244,CUST0195,PROD0040,1382.25,3,20,New York,New York,672,16,11,0.0,0,1,0,0,0
ORD000245,CUST0189,PROD0071,6995.32,18,10,Washington,Washington,586,12,5,0.0,0,1,0,0,0
ORD000246,CUST0026,PROD0079,6218.0,20,20,Florida,Florida,141,116,16,0.0,0,1,0,9,0
ORD000247,CUST0228,PROD0069,6005.18,14,5,Texas,Texas,246,12,12,0.0,0,0,0,13,0
ORD000248,CUST0125,PROD0038,1559.59,5,5,Arizona,Georgia,991,88,12,0.0,0,0,0,0,0
ORD000249,CUST0237,PROD0027,1066.17,4,10,Florida,Florida,205,91,13,555.83,1,0,0,4,0
ORD000250,CUST0013,PROD0079,3088.02,11,0,Washington,Washington,690,40,27,0.0,0,0,0,10,0
ORD000251,CUST0054,PROD0020,4834.47,13,5,New York,New York,1122,8,6,0.0,0,0,0,6,0
ORD000252,CUST0149,PROD0033,1533.17,14,20,Illinois,New York,1747,37,8,723.65,1,0,0,17,0
ORD000253,CUST0057,PROD0006,2407.83,6,25,Arizona,Arizona,198,9,9,0.0,0,0,1,0,0
ORD000254,CUST0099,PROD0064,6380.61,13,0,Georgia,Georgia,869,80,1,0.0,0,0,0,21,0
ORD000255,CUST0199,PROD0052,1247.38,8,30,Texas,Texas,206,106,4,0.0,0,1,0,4,0
ORD000256,CUST0044,PROD0007,4836.07,17,20,Washington,Arizona,857,119,16,0.0,0,1,0,10,0
ORD000257,CUST0204,PROD0018,1526.94,20,25,Georgia,Illinois,961,96,15,0.0,0,0,0,23,1
ORD000258,CUST0032,PROD0045,7474.7,16,20,Washington,Washington,1598,93,19,3804.66,1,0,0,15,0
ORD000259,CUST0053,PROD0044,462.13,1,15,Texas,Texas,885,105,3,0.0,0,1,1,23,0
ORD000260,CUST0177,PROD0065,11981.53,24,10,Texas,Texas,1871,92,25,0.0,0,0,0,0,0
ORD000261,CUST0239,PROD0022,180.76,1,15,Texas,Texas,276,78,14,0.0,0,0,0,17,0
ORD000262,CUST0052,PROD0074,1984.05,24,30,California,California,107,119,4,1931.02,1,0,0,1,1
ORD000263,CUST0090,PROD0036,142.83,1,0,Arizona,Arizona,9,39,9,127.54,1,1,0,14,0
ORD000264,CUST0278,PROD0066,891.68,13,5,Georgia,Georgia,714,50,6,704.69,1,1,0,7,0
ORD000265,CUST0297,PROD0020,268.99,3,0,Illinois,Illinois,386,108,13,0.0,0,0,0,18,0
ORD000266,CUST0175,PROD0003,128.85,3,30,Illinois,Illinois,184,38,14,51.77,1,0,1,2,1
ORD000267,CUST0135,PROD0005,9089.69,17,10,Arizona,Arizona,472,36,13,0.0,0,0,0,21,0
ORD000268,CUST0105,PROD0030,963.19,18,15,Florida,Florida,1949,19,13,0.0,0,1,1,11,1
ORD000269,CUST0184,PROD0077,217.97,3,25,Florida,Florida,1600,33,27,0.0,0,0,0,12,0
ORD000270,CUST0178,PROD0004,7197.23,24,40,Illinois,Illinois,38,71,28,0.0,0,1,1,13,1
ORD000271,CUST0089,PROD0030,2709.7,8,5,New York,New York,1830,106,14,1212.36,1,0,0,0,0
ORD000272,CUST0007,PROD0009,3002.64,8,20,California,California,411,17,17,0.0,0,0,0,7,0
ORD000273,CUST0046,PROD0075,2161.2,8,30,Illinois,Illinois,812,82,24,0.0,0,0,0,17,0
ORD000274,CUST0288,PROD0055,6379.94,12,0,Arizona,Arizona,655,92,24,0.0,0,0,1,23,0
ORD000275,CUST0126,PROD0062,1561.24,5,20,California,California,810,107,6,0.0,0,0,0,23,0
ORD000276,CUST0145,PROD0058,3196.04,11,10,Texas,Georgia,1521,90,13,0.0,0,1,0,12,0
ORD000277,CUST0141,PROD0053,2210.31,6,15,New York,New York,1425,19,10,0.0,0,0,0,6,0
ORD000278,CUST0235,PROD0062,503.08,2,10,Arizona,Arizona,1188,59,2,0.0,0,1,0,11,0
ORD000279,CUST0020,PROD0001,1887.13,9,5,Illinois,Illinois,1254,114,2,0.0,0,0,0,11,0
ORD000280,CUST0025,PROD0070,4951.05,17,0,Illinois,Illinois,1455,109,18,4052.81,1,0,0,9,0
ORD000281,CUST0083,PROD0060,2250.25,19,0,Washington,Florida,369,73,12,0.0,0,0,0,8,0
ORD000282,CUST0146,PROD0060,4338.1,9,0,New York,New York,791,115,24,0.0,0,1,0,20,0
ORD000283,CUST0202,PROD0032,1164.22,8,15,Washington,Washington,216,80,20,1232.59,1,0,0,9,0
ORD000284,CUST0148,PROD0065,1864.73,19,10,California,Washington,1408,8,2,967.22,1,0,0,0,0
ORD000285,CUST0133,PROD0031,2630.58,17,5,California,California,875,109,25,0.0,0,0,0,17,0
ORD000286,CUST0282,PROD0004,8134.41,20,20,Arizona,New York,1274,21,14,0.0,0,0,0,15,1
ORD000287,CUST0049,PROD0073,3722.69,22,20,Washington,Washington,1130,46,16,0.0,0,1,0,9,0
ORD000288,CUST0172,PROD0019,7104.45,20,15,Texas,Texas,547,29,28,0.0,0,0,0,15,0
ORD000289,CUST0163,PROD0009,8319.15,23,30,Florida,Florida,278,86,19,0.0,0,1,0,22,0
ORD000290,CUST0143,PROD0050,585.83,10,10,California,California,1945,4,0,0.0,0,1,0,22,0
ORD000291,CUST0243,PROD0019,3477.86,10,25,Washington,Arizona,587,77,5,0.0,0,0,0,18,0
ORD000292,CUST0081,PROD0069,1587.57,8,0,Arizona,New York,220,103,12,0.0,0,0,1,14,0
ORD000293,CUST0287,PROD0036,699.08,6,20,New York,Illinois,612,94,1,0.0,0,1,0,0,0
ORD000294,CUST0100,PROD0001,4531.28,18,40,New York,New York,1804,37,5,0.0,0,0,0,12,0
ORD000295,CUST0164,PROD0077,7393.71,18,25,Texas,Texas,523,107,23,0.0,0,0,0,19,0
ORD000296,CUST0157,PROD0042,3248.89,20,15,Florida,Florida,1973,44,4,1242.74,1,0,1,20,0
ORD000297,CUST0255,PROD0022,1487.18,5,15,New York,New York,922,81,5,624.25,1,1,0,18,0
ORD000298,CUST0132,PROD0055,2031.52,12,10,Texas,Texas,1723,61,15,1232.64,1,0,0,23,0
ORD000299,CUST0086,PROD0043,1741.58,6,15,Florida,Florida,1306,9,2,1436.29,1,1,0,12,0
ORD000300,CUST0007,PROD0003,6699.97,22,20,Arizona,Arizona,88,1,1,0.0,0,1,0,2,0
ORD000301,CUST0110,PROD0061,1570.78,7,40,Arizona,Arizona,1019,22,22,564.28,1,0,0,11,0
ORD000302,CUST0248,PROD0033,1373.96,4,10,New York,New York,834,112,18,0.0,0,0,0,7,0
ORD000303,CUST0003,PROD0056,1376.85,14,0,Georgia,Georgia,403,114,28,0.0,0,1,0,20,0
ORD000304,CUST0269,PROD0072,7896.14,22,15,Texas,Texas,1100,49,10,0.0,0,1,0,18,0
ORD000305,CUST0163,PROD0049,9049.81,22,0,Georgia,Arizona,206,116,18,0.0,0,0,0,10,1
ORD000306,CUST0043,PROD0054,1185.32,3,5,New York,Florida,1396,6,6,0.0,0,0,0,9,0
ORD000307,CUST0091,PROD0021,478.5,8,5,Illinois,Illinois,1643,116,11,0.0,0,0,0,3,0
ORD000308,CUST0167,PROD0020,893.33,4,20,Texas,Texas,185,28,5,0.0,0,0,0,1,0
ORD000309,CUST0095,PROD0034,1955.03,8,5,Arizona,Arizona,959,5,5,0.0,0,1,0,7,0
ORD000310,CUST0033,PROD0069,868.11,13,5,New York,New York,1310,91,5,0.0,0,0,0,5,0
ORD000311,CUST0200,PROD0042,1042.81,7,0,Arizona,Arizona,125,46,6,0.0,0,0,0,6,0
ORD000312,CUST0202,PROD0028,413.64,2,25,California,California,779,35,13,0.0,0,0,0,23,0
ORD000313,CUST0036,PROD0063,4689.21,13,20,Illinois,Illinois,516,91,12,0.0,0,1,0,16,0
ORD000314,CUST0085,PROD0069,314.99,2,0,Texas,Texas,79,40,9,0.0,0,0,0,13,0
ORD000315,CUST0074,PROD0073,3007.53,6,0,Georgia,Florida,1608,90,10,0.0,0,0,0,4,0
ORD000316,CUST0198,PROD0024,286.08,1,15,Florida,Florida,889,24,8,0.0,0,0,0,20,0
ORD000317,CUST0220,PROD0057,1313.98,3,5,Washington,Washington,1503,11,11,0.0,0,0,0,15,0
ORD000318,CUST0219,PROD0048,2749.67,11,15,Georgia,Georgia,1174,39,17,0.0,0,0,0,12,0
ORD000319,CUST0282,PROD0036,5850.17,21,10,Illinois,Illinois,1751,73,27,0.0,0,0,0,11,0
ORD000320,CUST0231,PROD0032,5046.52,19,30,California,California,1994,27,27,0.0,0,0,0,13,1
ORD000321,CUST0097,PROD0010,1590.94,3,5,Texas,Texas,1204,18,18,0.0,0,1,0,20,0
ORD000322,CUST0033,PROD0022,259.46,1,15,Texas,Texas,704,90,24,0.0,0,0,0,17,0
ORD000323,CUST0185,PROD0044,2939.59,9,0,Georgia,Georgia,846,59,3,0.0,0,0,0,11,0
ORD000324,CUST0275,PROD0071,3543.92,16,40,Georgia,New York,1650,52,28,0.0,0,0,0,16,1
ORD000325,CUST0293,PROD0070,4835.79,18,40,Florida,Florida,853,29,14,0.0,0,0,0,22,0
ORD000326,CUST0070,PROD0016,986.77,20,20,Georgia,Georgia,1039,3,3,0.0,0,1,0,7,0
ORD000327,CUST0071,PROD0055,2584.7,9,10,Texas,Washington,388,7,7,0.0,0,0,1,21,0
ORD000328,CUST0012,PROD0007,1421.78,5,5,Washington,Washington,1980,82,2,0.0,0,0,1,14,0
ORD000329,CUST0043,PROD0055,415.93,1,25,Florida,Florida,1301,10,10,189.26,1,0,0,4,0
ORD000330,CUST0167,PROD0028,979.95,4,20,Texas,Texas,661,30,13,0.0,0,0,0,23,0
ORD000331,CUST0165,PROD0036,554.09,2,5,New York,Illinois,1170,109,4,0.0,0,0,1,16,0
ORD000332,CUST0112,PROD0058,10925.64,21,10,Florida,Florida,802,41,19,0.0,0,0,0,9,0
ORD000333,CUST0093,PROD0034,1772.41,7,10,New York,Illinois,310,89,1,0.0,0,0,0,5,0
ORD000334,CUST0249,PROD0065,1873.69,20,25,Texas,Texas,1749,41,13,0.0,0,0,1,21,0
ORD000335,CUST0139,PROD0043,1633.09,14,20,New York,New York,1771,111,21,0.0,0,0,0,19,0
ORD000336,CUST0243,PROD0080,831.06,13,15,Texas,California,1669,98,21,0.0,0,1,0,1,0
ORD000337,CUST0289,PROD0052,190.08,11,15,Georgia,California,737,56,13,0.0,0,0,0,15,0
ORD000338,CUST0096,PROD0024,5140.04,20,5,Florida,California,513,82,11,0.0,0,0,0,2,0
ORD000339,CUST0061,PROD0063,839.09,2,10,California,California,100,50,25,0.0,0,0,0,7,0
ORD000340,CUST0286,PROD0033,1336.23,3,0,Illinois,Illinois,1463,113,5,0.0,0,1,0,13,0
ORD000341,CUST0191,PROD0043,340.09,11,20,Georgia,Arizona,656,43,2,0.0,0,1,0,5,0
ORD000342,CUST0088,PROD0011,3155.31,10,10,New York,Arizona,1784,100,4,1488.85,1,0,0,12,0
ORD000343,CUST0187,PROD0010,1379.5,14,10,Arizona,Arizona,1739,74,24,0.0,0,0,0,10,0
ORD000344,CUST0155,PROD0046,9675.59,18,5,Illinois,Illinois,257,77,14,0.0,0,1,0,13,0
ORD000345,CUST0272,PROD0015,1668.27,15,5,Washington,Washington,1833,42,1,0.0,0,1,0,19,0
ORD000346,CUST0077,PROD0080,2281.53,7,15,New York,New York,281,100,5,0.0,0,1,0,3,0
ORD000347,CUST0298,PROD0069,1590.06,8,5,California,California,981,89,0,0.0,0,0,0,19,0
ORD000348,CUST0281,PROD0057,7450.01,19,0,New York,New York,948,98,24,0.0,0,0,0,5,0
ORD000349,CUST0055,PROD0059,1036.44,5,20,Georgia,Georgia,1912,96,13,0.0,0,0,1,0,0
ORD000350,CUST0050,PROD0048,5388.94,13,10,Arizona,Arizona,1314,19,2,0.0,0,1,0,10,0
ORD000351,CUST0160,PROD0005,1799.39,13,10,Arizona,Arizona,1750,105,6,0.0,0,0,0,7,0
ORD000352,CUST0014,PROD0032,9325.64,19,10,Georgia,California,1192,101,18,0.0,0,0,0,4,0
ORD000353,CUST0090,PROD0040,4186.64,18,25,New York,New York,1650,29,17,0.0,0,1,0,10,0
ORD000354,CUST0131,PROD0074,5227.29,12,5,New York,California,1704,117,24,0.0,0,0,1,20,0
ORD000355,CUST0291,PROD0018,3282.2,8,20,Georgia,Georgia,1719,63,0,0.0,0,0,0,14,0
ORD000356,CUST0298,PROD0040,3775.72,9,30,Illinois,Illinois,823,39,2,3811.17,1,0,0,17,0
ORD000357,CUST0046,PROD0028,1274.05,10,15,New York,New York,764,27,1,0.0,0,0,0,3,0
ORD000358,CUST0268,PROD0011,1006.55,6,10,New York,New York,1969,44,11,0.0,0,0,0,1,0
ORD000359,CUST0028,PROD0009,2115.22,16,20,Georgia,Georgia,1513,5,5,0.0,0,0,0,8,0
ORD000360,CUST0225,PROD0030,931.31,6,10,California,California,1834,83,19,0.0,0,0,0,18,0
ORD000361,CUST0254,PROD0007,5152.58,16,10,California,California,1155,85,6,0.0,0,0,0,21,0
ORD000362,CUST0268,PROD0006,10195.76,19,10,Washington,Washington,1858,80,19,0.0,0,1,0,2,0
ORD000363,CUST0068,PROD0029,13551.44,24,5,California,California,1439,66,19,0.0,0,0,0,11,0
ORD000364,CUST0269,PROD0017,976.59,3,0,Texas,Texas,1485,44,5,0.0,0,1,0,9,0
ORD000365,CUST0035,PROD0045,6679.87,19,10,Georgia,Georgia,356,87,22,3390.37,1,0,0,17,0
ORD000366,CUST0156,PROD0002,1556.35,3,0,Florida,Arizona,1134,104,12,0.0,0,0,0,4,0
ORD000367,CUST0141,PROD0025,4544.92,9,10,Washington,Washington,1463,11,1,0.0,0,0,0,11,0
ORD000368,CUST0095,PROD0037,587.52,5,15,Florida,Florida,1522,46,11,251.82,1,0,1,20,0
ORD000369,CUST0007,PROD0078,914.35,4,30,California,Illinois,1915,119,23,0.0,0,1,1,11,1
ORD000370,CUST0232,PROD0051,2515.23,5,0,Texas,Texas,654,103,20,0.0,0,0,0,18,0
ORD000371,CUST0101,PROD0071,332.96,2,15,Arizona,Arizona,606,119,8,325.89,1,0,0,14,0
ORD000372,CUST0199,PROD0028,4951.61,20,10,California,New York,1938,22,22,0.0,0,0,0,14,0
ORD000373,CUST0124,PROD0036,1183.32,2,0,Illinois,Illinois,1972,56,11,0.0,0,0,0,6,0
ORD000374,CUST0113,PROD0034,5617.61,10,5,New York,Illinois,360,16,13,0.0,0,0,0,23,1
ORD000375,CUST0266,PROD0071,9274.21,17,0,New York,New York,757,104,2,0.0,0,0,1,5,0
ORD000376,CUST0029,PROD0077,11014.68,24,5,Georgia,Texas,1896,62,29,0.0,0,0,0,22,1
ORD000377,CUST0221,PROD0077,3513.11,21,5,Illinois,Illinois,400,29,25,0.0,0,1,0,23,0
ORD000378,CUST0225,PROD0061,741.93,4,10,Illinois,Illinois,1566,11,5,0.0,0,0,0,12,0
ORD000379,CUST0114,PROD0041,7288.36,24,10,New York,New York,225,88,16,7431.39,1,1,0,20,1
ORD000380,CUST0079,PROD0044,5524.01,16,0,Florida,Texas,357,97,23,0.0,0,1,0,17,0
ORD000381,CUST0002,PROD0079,1487.66,5,5,Washington,Washington,1570,105,15,1586.86,1,0,0,17,0
ORD000382,CUST0282,PROD0023,4281.96,11,0,California,California,1215,116,6,0.0,0,0,0,1,0
ORD000383,CUST0285,PROD0028,5020.97,23,15,Texas,Texas,1110,97,29,0.0,0,0,0,3,0
ORD000384,CUST0073,PROD0072,4317.95,10,5,Illinois,Illinois,1713,94,8,0.0,0,0,0,1,0
ORD000385,CUST0010,PROD0031,907.2,5,15,Illinois,Illinois,614,97,10,0.0,0,0,1,0,0
ORD000386,CUST0037,PROD0019,4426.47,22,5,California,California,1007,119,11,0.0,0,0,0,20,0
ORD000387,CUST0021,PROD0045,2157.19,23,0,Arizona,Arizona,1217,56,26,0.0,0,0,0,4,0
ORD000388,CUST0250,PROD0027,2174.81,24,30,Illinois,New York,1479,91,15,0.0,0,0,0,0,1
ORD000389,CUST0268,PROD0072,11805.95,23,0,Texas,Texas,664,98,21,0.0,0,0,0,22,0
ORD000390,CUST0046,PROD0073,5855.72,21,0,Arizona,Arizona,1267,14,14,0.0,0,0,0,6,0
ORD000391,CUST0225,PROD0025,1673.8,11,0,Georgia,Georgia,897,83,27,1770.4,1,0,0,19,0
ORD000392,CUST0054,PROD0043,1381.25,5,40,Florida,Florida,1084,41,25,1150.45,1,1,0,23,1
ORD000393,CUST0111,PROD0079,4351.69,15,15,New York,New York,1725,16,16,4290.0,1,0,0,12,0
ORD000394,CUST0180,PROD0060,164.58,6,15,New York,New York,787,21,21,123.26,1,0,0,22,0
ORD000395,CUST0216,PROD0018,1465.13,12,40,Illinois,Illinois,1336,14,14,0.0,0,1,0,23,0
ORD000396,CUST0263,PROD0048,1962.57,16,0,California,California,1884,107,19,0.0,0,1,0,3,0
ORD000397,CUST0014,PROD0050,5525.61,23,40,Florida,Florida,1525,92,3,0.0,0,0,0,3,0
ORD000398,CUST0059,PROD0053,1193.79,7,5,California,California,1977,13,3,0.0,0,0,0,8,0
ORD000399,CUST0085,PROD0003,343.13,7,15,California,Georgia,1167,75,23,0.0,0,0,0,13,0
ORD000400,CUST0094,PROD0024,840.17,18,10,Florida,Florida,564,79,9,0.0,0,0,0,18,0
ORD000401,CUST0300,PROD0069,321.66,1,10,Washington,Washington,1982,62,24,0.0,0,0,0,4,0
ORD000402,CUST0234,PROD0020,319.48,14,30,Georgia,Georgia,1289,73,28,0.0,0,0,0,4,0
ORD000403,CUST0097,PROD0024,9221.39,18,0,California,Arizona,483,108,19,0.0,0,0,0,7,0
ORD000404,CUST0292,PROD0026,925.09,14,40,Texas,Texas,635,62,22,0.0,0,0,0,6,0
ORD000405,CUST0150,PROD0015,3346.28,10,10,Florida,Florida,525,79,8,0.0,0,1,0,22,0
ORD000406,CUST0151,PROD0013,4724.62,20,15,Illinois,Illinois,1667,68,13,0.0,0,0,0,9,0
ORD000407,CUST0131,PROD0028,1495.01,9,40,Georgia,Georgia,186,48,28,0.0,0,1,1,20,0
ORD000408,CUST0044,PROD0070,1109.56,18,0,Washington,Washington,1480,107,24,0.0,0,1,0,1,0
ORD000409,CUST0281,PROD0001,4079.01,12,30,Illinois,Illinois,1108,50,6,0.0,0,0,0,2,0
ORD000410,CUST0005,PROD0023,457.27,1,15,California,Texas,147,96,28,0.0,0,1,0,19,0
ORD000411,CUST0053,PROD0005,274.45,13,20,California,California,1227,73,14,261.35,1,0,0,5,0
ORD000412,CUST0069,PROD0045,247.18,2,0,Texas,Illinois,1506,82,25,240.28,1,0,0,1,1
ORD000413,CUST0084,PROD0021,10640.37,23,15,Washington,Washington,1452,91,15,0.0,0,1,0,14,0
ORD000414,CUST0040,PROD0064,4318.51,15,15,New York,Georgia,1057,88,18,4632.65,1,0,0,3,1
ORD000415,CUST0006,PROD0047,866.89,9,10,Texas,Texas,671,68,4,0.0,0,0,0,1,0
ORD000416,CUST0204,PROD0063,1568.85,12,5,Washington,Washington,328,74,10,1320.19,1,0,1,9,0
ORD000417,CUST0291,PROD0051,5739.79,15,5,Arizona,Arizona,25,61,21,0.0,0,0,0,13,0
ORD000418,CUST0037,PROD0036,2312.07,7,25,Florida,Georgia,719,41,25,0.0,0,0,0,12,0
ORD000419,CUST0089,PROD0069,2573.67,7,0,Georgia,Arizona,1264,87,2,0.0,0,0,0,14,0
ORD000420,CUST0152,PROD0039,5040.87,11,20,Washington,Washington,76,105,2,0.0,0,0,0,0,0
ORD000421,CUST0279,PROD0076,1287.54,7,40,Washington,Washington,1997,84,20,1117.45,1,0,0,6,1
ORD000422,CUST0209,PROD0080,3689.0,19,0,Arizona,Arizona,1172,92,13,2083.61,1,0,0,8,0
ORD000423,CUST0230,PROD0048,845.87,3,5,Texas,Texas,589,99,25,0.0,0,0,0,7,0
ORD000424,CUST0175,PROD0054,3886.31,20,15,Arizona,Arizona,1924,44,2,0.0,0,0,0,13,0
ORD000425,CUST0126,PROD0021,1351.45,9,0,Georgia,Georgia,368,8,8,0.0,0,0,0,5,0
ORD000426,CUST0060,PROD0066,555.24,14,15,Georgia,Georgia,1915,41,1,0.0,0,0,0,15,0
ORD000427,CUST0260,PROD0054,717.71,4,20,Illinois,Illinois,564,90,21,0.0,0,0,0,22,0
ORD000428,CUST0242,PROD0073,3677.25,10,15,Arizona,Texas,760,98,25,1823.88,1,0,0,15,0
ORD000429,CUST0008,PROD0022,524.87,19,10,Georgia,Georgia,851,62,4,0.0,0,0,0,9,0
ORD000430,CUST0215,PROD0064,1538.45,7,20,Arizona,Texas,1989,93,9,0.0,0,0,0,10,0
ORD000431,CUST0026,PROD0038,1337.99,4,15,Georgia,Georgia,502,9,9,0.0,0,0,0,14,0
ORD000432,CUST0222,PROD0015,4619.32,13,5,Arizona,Arizona,1945,77,1,0.0,0,1,0,17,0
ORD000433,CUST0248,PROD0014,1599.55,4,15,Florida,Florida,694,81,28,0.0,0,1,0,7,0
ORD000434,CUST0040,PROD0045,2744.57,8,30,Washington,Washington,571,61,26,2121.33,1,0,0,0,0
ORD000435,CUST0131,PROD0026,4046.58,11,15,Florida,Florida,1276,86,4,0.0,0,0,0,16,0
ORD000436,CUST0038,PROD0009,1003.25,14,10,Arizona,Arizona,1387,59,4,754.15,1,0,0,15,0
ORD000437,CUST0171,PROD0035,4491.8,16,5,Arizona,Arizona,690,63,20,2495.03,1,0,0,2,0
ORD000438,CUST0279,PROD0053,6289.58,17,0,Georgia,Georgia,268,72,0,1892.37,1,0,0,15,0
ORD000439,CUST0025,PROD0026,3240.44,21,5,Illinois,Illinois,792,95,15,0.0,0,0,0,1,0
ORD000440,CUST0120,PROD0077,89.36,2,0,Florida,Florida,1081,30,1,57.51,1,0,0,15,0
ORD000441,CUST0292,PROD0063,808.28,9,40,Texas,Arizona,81,36,15,0.0,0,0,0,17,1
ORD000442,CUST0091,PROD0042,269.65,1,5,Washington,Washington,158,50,10,0.0,0,0,0,0,0
ORD000443,CUST0040,PROD0075,195.06,1,25,Illinois,Illinois,1835,25,21,0.0,0,1,0,17,0
ORD000444,CUST0147,PROD0035,698.06,6,5,Illinois,Illinois,72,40,26,0.0,0,1,1,2,1
ORD000445,CUST0153,PROD0012,7098.79,15,5,Washington,Texas,814,42,14,4461.57,1,1,0,6,0
ORD000446,CUST0199,PROD0003,11026.59,22,10,Arizona,Arizona,1528,38,19,10720.19,1,0,0,16,1
ORD000447,CUST0095,PROD0076,2468.92,19,5,Texas,Texas,656,49,18,0.0,0,0,0,8,0
ORD000448,CUST0287,PROD0077,7157.15,16,20,Florida,Florida,990,61,29,0.0,0,0,0,23,1
ORD000449,CUST0157,PROD0060,346.1,19,40,Washington,Washington,173,83,6,0.0,0,1,0,22,0
ORD000450,CUST0086,PROD0009,2086.79,5,25,Arizona,Texas,1589,37,7,0.0,0,0,0,23,1
ORD000451,CUST0289,PROD0024,11413.77,21,5,Arizona,Arizona,1268,101,11,0.0,0,0,0,2,0
ORD000452,CUST0278,PROD0004,475.03,22,20,Arizona,Arizona,1703,58,22,0.0,0,0,0,4,0
ORD000453,CUST0150,PROD0005,1387.65,3,0,Arizona,Arizona,1727,86,25,0.0,0,0,0,4,0
ORD000454,CUST0008,PROD0020,4894.82,12,30,Georgia,Georgia,702,14,8,0.0,0,1,1,14,1
ORD000455,CUST0180,PROD0046,9817.62,20,10,Illinois,Illinois,83,21,3,0.0,0,0,1,10,0
ORD000456,CUST0167,PROD0006,6296.53,12,10,Texas,Texas,693,54,18,0.0,0,0,0,17,0
ORD000457,CUST0045,PROD0079,6766.79,21,5,Illinois,New York,291,44,17,0.0,0,0,0,6,0
ORD000458,CUST0191,PROD0037,1502.6,23,0,Washington,Washington,1067,60,11,1575.84,1,0,0,4,0
ORD000459,CUST0253,PROD0022,5846.81,12,5,California,Illinois,293,19,5,0.0,0,0,0,15,0
ORD000460,CUST0032,PROD0042,526.43,2,30,Arizona,Arizona,1843,57,25,0.0,0,0,1,14,0
ORD000461,CUST0217,PROD0064,2711.14,9,20,Illinois,Illinois,1204,82,25,1474.05,1,0,0,16,0
ORD000462,CUST0043,PROD0026,943.23,6,40,Georgia,Georgia,506,87,22,0.0,0,1,0,7,0
ORD000463,CUST0225,PROD0004,4220.02,12,0,Texas,Texas,1842,30,17,0.0,0,0,0,12,0
ORD000464,CUST0126,PROD0005,1390.72,15,15,Georgia,Georgia,1539,41,7,1136.29,1,0,0,22,0
ORD000465,CUST0002,PROD0069,5119.36,12,5,Florida,New York,876,63,12,2490.22,1,0,0,14,0
ORD000466,CUST0290,PROD0009,269.92,5,15,Illinois,Florida,293,62,2,0.0,0,0,0,22,0
ORD000467,CUST0050,PROD0051,3368.87,8,5,Washington,Texas,688,95,7,3047.98,1,0,1,10,1
ORD000468,CUST0179,PROD0031,8275.38,17,5,Illinois,Illinois,1168,47,13,0.0,0,1,0,1,0
ORD000469,CUST0055,PROD0063,249.93,1,15,Georgia,Georgia,1531,80,13,0.0,0,0,0,18,0
ORD000470,CUST0280,PROD0005,1799.5,6,5,Texas,Texas,524,106,2,0.0,0,0,0,11,0
ORD000471,CUST0222,PROD0072,3981.47,22,10,Washington,Washington,1485,36,28,0.0,0,0,0,1,0
ORD000472,CUST0242,PROD0056,1484.83,3,15,Georgia,Georgia,566,98,8,0.0,0,0,0,3,0
ORD000473,CUST0130,PROD0036,4452.12,10,0,Texas,Texas,494,40,15,0.0,0,0,0,7,0
ORD000474,CUST0141,PROD0017,819.05,5,30,New York,Texas,894,40,13,0.0,0,1,0,4,0
ORD000475,CUST0191,PROD0079,327.75,3,10,Florida,Florida,322,78,14,238.24,1,0,0,16,0
ORD000476,CUST0236,PROD0025,1215.69,11,25,Washington,Washington,809,74,25,0.0,0,0,0,14,0
ORD000477,CUST0255,PROD0040,3194.28,13,15,Georgia,Georgia,716,66,22,0.0,0,0,0,7,0
ORD000478,CUST0006,PROD0032,2266.76,5,20,Arizona,Arizona,560,28,26,0.0,0,0,0,2,0
ORD000479,CUST0200,PROD0019,713.29,2,20,Arizona,Arizona,1551,12,11,0.0,0,1,0,1,0
ORD000480,CUST0033,PROD0034,434.52,4,25,Florida,Florida,664,109,7,0.0,0,0,0,22,0
ORD000481,CUST0087,PROD0013,7052.22,16,15,Washington,Washington,1390,105,12,0.0,0,0,0,8,0
ORD000482,CUST0249,PROD0001,4775.16,21,5,Texas,Texas,1440,106,16,5170.37,1,1,0,2,0
ORD000483,CUST0076,PROD0024,2569.99,5,0,Florida,Florida,1332,62,10,0.0,0,0,0,17,0
ORD000484,CUST0240,PROD0009,1089.26,8,15,Texas,Texas,539,106,13,0.0,0,0,0,20,0
ORD000485,CUST0139,PROD0034,3409.41,9,0,California,California,1659,57,4,0.0,0,0,0,2,0
ORD000486,CUST0070,PROD0070,4766.36,9,5,Arizona,Arizona,473,9,9,0.0,0,1,0,22,0
ORD000487,CUST0101,PROD0014,1017.47,6,0,Arizona,Arizona,554,24,21,775.26,1,1,0,17,0
ORD000488,CUST0160,PROD0001,717.23,2,15,Illinois,Georgia,1750,33,15,0.0,0,1,0,6,0
ORD000489,CUST0230,PROD0009,7319.12,13,5,California,California,680,45,26,0.0,0,1,0,18,0
ORD000490,CUST0182,PROD0041,821.2,9,15,California,California,1394,112,29,0.0,0,0,0,10,0
ORD000491,CUST0280,PROD0022,513.17,9,20,California,California,85,40,27,0.0,0,0,0,15,0
ORD000492,CUST0261,PROD0040,2157.92,7,25,Washington,Washington,1229,73,2,1446.17,1,0,0,3,0
ORD000493,CUST0227,PROD0003,4742.47,23,5,Texas,Texas,1737,33,26,0.0,0,0,0,5,0
ORD000494,CUST0181,PROD0027,781.85,15,15,New York,Illinois,1417,77,10,0.0,0,0,0,18,0
ORD000495,CUST0087,PROD0033,2764.58,11,15,Arizona,Arizona,1165,68,13,0.0,0,0,0,19,0
ORD000496,CUST0124,PROD0035,2057.34,5,10,Georgia,Georgia,1698,18,12,0.0,0,1,0,0,0
ORD000497,CUST0036,PROD0045,3151.31,20,15,Arizona,Arizona,596,56,8,0.0,0,1,0,5,0
ORD000498,CUST0113,PROD0063,4479.44,22,5,New York,New York,754,13,13,0.0,0,1,0,14,0
ORD000499,CUST0278,PROD0038,306.3,1,40,Illinois,Illinois,139,106,19,0.0,0,0,0,21,0
ORD000500,CUST0128,PROD0068,7397.76,23,0,Texas,Texas,1397,84,29,0.0,0,0,1,16,0
ORD000501,CUST0035,PROD0043,6487.0,17,25,Arizona,Texas,1447,113,28,0.0,0,0,0,16,0
ORD000502,CUST0196,PROD0021,711.21,3,15,California,California,1503,105,12,0.0,0,0,0,9,0
ORD000503,CUST0289,PROD0019,10337.7,19,5,Washington,Washington,1497,27,21,10805.42,1,0,0,1,1
ORD000504,CUST0261,PROD0026,953.91,3,20,Illinois,Illinois,255,85,15,0.0,0,0,0,18,0
ORD000505,CUST0083,PROD0048,174.44,2,0,Arizona,Florida,1332,12,12,0.0,0,0,0,19,0
ORD000506,CUST0137,PROD0020,1280.05,3,20,Florida,Florida,1526,115,22,0.0,0,0,0,10,0
ORD000507,CUST0160,PROD0074,3098.49,12,15,Texas,Texas,408,94,20,2728.45,1,0,0,12,0
ORD000508,CUST0075,PROD0039,1532.26,15,0,Arizona,Arizona,953,81,27,0.0,0,0,0,5,0
ORD000509,CUST0081,PROD0070,1085.6,10,0,Washington,Washington,1826,119,23,348.37,1,0,0,10,0
ORD000510,CUST0071,PROD0055,1005.05,3,20,Florida,Florida,830,101,18,0.0,0,1,0,5,0
ORD000511,CUST0299,PROD0027,225.51,5,5,New York,New York,1506,103,27,0.0,0,0,0,10,0
ORD000512,CUST0224,PROD0019,2737.5,21,30,New York,New York,1061,12,3,0.0,0,0,0,3,0
ORD000513,CUST0253,PROD0060,1940.67,24,20,Florida,Florida,1315,3,3,1517.13,1,0,0,14,0
ORD000514,CUST0245,PROD0027,4192.54,19,20,New York,Arizona,1253,115,11,0.0,0,0,0,5,0
ORD000515,CUST0288,PROD0020,741.93,3,5,New York,Georgia,1302,30,12,0.0,0,0,0,17,1
ORD000516,CUST0032,PROD0075,5163.01,20,20,New York,New York,1558,51,23,0.0,0,0,0,12,0
ORD000517,CUST0265,PROD0039,2168.05,17,30,California,California,1808,6,6,0.0,0,0,0,21,0
ORD000518,CUST0020,PROD0004,501.61,13,0,Georgia,Georgia,592,75,26,0.0,0,0,1,5,0
ORD000519,CUST0143,PROD0040,1430.11,4,5,Texas,Texas,1856,98,14,0.0,0,0,0,6,0
ORD000520,CUST0179,PROD0037,5398.05,24,5,Texas,Texas,1256,101,10,0.0,0,1,0,5,0
ORD000521,CUST0108,PROD0070,3937.97,11,10,Texas,Florida,1191,70,9,0.0,0,0,0,15,0
ORD000522,CUST0044,PROD0057,132.84,2,20,Georgia,Georgia,656,79,12,0.0,0,0,0,2,0
ORD000523,CUST0058,PROD0016,151.15,6,10,Florida,Florida,833,62,28,0.0,0,0,0,16,0
ORD000524,CUST0248,PROD0013,1394.09,10,15,New York,New York,1303,54,3,0.0,0,0,1,19,0
ORD000525,CUST0096,PROD0049,541.12,2,5,Florida,Florida,728,66,15,412.87,1,0,0,16,0
ORD000526,CUST0094,PROD0004,1988.49,8,0,California,California,575,112,25,0.0,0,0,1,3,0
ORD000527,CUST0278,PROD0026,5585.72,12,5,New York,New York,1638,31,14,0.0,0,0,0,11,0
ORD000528,CUST0044,PROD0012,4125.27,23,25,Texas,Texas,831,56,16,0.0,0,0,0,12,0
ORD000529,CUST0275,PROD0002,835.52,3,15,Arizona,Arizona,1289,72,10,0.0,0,0,0,9,0
ORD000530,CUST0277,PROD0074,4589.41,14,10,California,California,63,68,4,0.0,0,0,1,11,0
ORD000531,CUST0180,PROD0008,574.85,22,20,Florida,Florida,155,4,4,0.0,0,0,0,18,0
ORD000532,CUST0050,PROD0001,6375.55,20,0,Arizona,Arizona,1696,35,27,0.0,0,0,0,20,0
ORD000533,CUST0047,PROD0075,4807.05,23,5,Arizona,Arizona,285,77,15,0.0,0,0,0,7,0
ORD000534,CUST0086,PROD0016,1255.63,5,5,Illinois,Illinois,1591,83,12,0.0,0,1,0,7,0
ORD000535,CUST0174,PROD0066,938.0,20,40,Texas,Texas,1800,88,3,0.0,0,0,0,4,0
ORD000536,CUST0047,PROD0003,9101.49,24,20,New York,Washington,963,118,28,8557.47,1,0,0,9,1
ORD000537,CUST0137,PROD0013,3852.84,8,15,Texas,Texas,1769,81,26,0.0,0,0,0,13,0
ORD000538,CUST0035,PROD0009,394.99,12,0,Washington,Washington,855,69,27,0.0,0,1,0,17,0
ORD000539,CUST0163,PROD0057,4554.63,13,5,New York,Georgia,1903,40,10,0.0,0,0,0,6,0
ORD000540,CUST0007,PROD0050,4722.9,12,15,Washington,Washington,474,45,18,3509.38,1,0,0,5,0
ORD000541,CUST0213,PROD0039,1166.69,7,10,Washington,Arizona,856,99,12,0.0,0,0,0,0,0
ORD000542,CUST0017,PROD0020,8009.94,24,30,Georgia,Texas,778,56,7,0.0,0,0,0,2,1
ORD000543,CUST0059,PROD0008,7116.49,23,20,New York,New York,1568,86,6,3976.49,1,1,1,1,1
ORD000544,CUST0053,PROD0046,5030.23,10,10,Georgia,Georgia,88,15,11,0.0,0,0,1,4,0
ORD000545,CUST0250,PROD0019,9423.72,20,20,Florida,Florida,1656,16,16,0.0,0,0,0,16,0
ORD000546,CUST0017,PROD0048,267.36,10,40,Washington,Washington,47,26,3,0.0,0,1,0,18,0
ORD000547,CUST0129,PROD0055,5005.15,20,10,Washington,Washington,632,24,21,2855.0,1,0,0,23,0
ORD000548,CUST0178,PROD0068,4299.97,15,15,Arizona,Arizona,1192,73,13,0.0,0,1,0,13,0
ORD000549,CUST0155,PROD0040,882.93,12,30,Florida,Florida,291,76,26,0.0,0,0,0,10,0
ORD000550,CUST0205,PROD0001,817.17,4,5,Arizona,Arizona,980,67,8,0.0,0,1,1,21,0
ORD000551,CUST0241,PROD0023,6639.76,16,30,New York,Georgia,1994,35,1,0.0,0,0,1,3,0
ORD000552,CUST0119,PROD0069,235.31,8,0,Florida,Florida,1646,69,9,0.0,0,0,0,15,0
ORD000553,CUST0249,PROD0043,1440.52,6,15,Florida,California,61,15,15,0.0,0,1,0,19,0
ORD000554,CUST0096,PROD0050,2034.96,5,20,Washington,Washington,1183,57,9,0.0,0,0,0,12,0
ORD000555,CUST0296,PROD0037,4240.4,24,15,Illinois,Illinois,1195,19,19,0.0,0,0,0,6,0
ORD000556,CUST0152,PROD0014,805.36,3,10,California,California,137,10,10,0.0,0,0,1,14,0
ORD000557,CUST0221,PROD0072,9983.53,20,15,Arizona,Arizona,1300,20,8,0.0,0,0,0,23,0
ORD000558,CUST0263,PROD0062,5893.8,21,5,Arizona,Arizona,1042,14,14,0.0,0,0,0,5,0
ORD000559,CUST0238,PROD0080,91.14,1,5,California,Florida,1363,57,6,0.0,0,0,0,13,0
ORD000560,CUST0256,PROD0069,712.48,15,5,Georgia,Georgia,595,65,10,0.0,0,0,0,1,0
ORD000561,CUST0161,PROD0024,6763.27,14,15,Washington,Washington,511,73,8,0.0,0,1,0,5,0
ORD000562,CUST0014,PROD0021,1410.77,9,10,California,California,1472,53,20,695.43,1,1,0,18,0
ORD000563,CUST0148,PROD0020,5044.57,17,5,Florida,Florida,1443,21,21,2904.76,1,0,0,11,0
ORD000564,CUST0055,PROD0074,508.25,10,30,Arizona,Arizona,324,3,3,0.0,0,0,0,4,0
ORD000565,CUST0267,PROD0045,2630.63,11,10,New York,Illinois,433,85,8,0.0,0,0,0,8,0
ORD000566,CUST0072,PROD0037,5538.67,11,10,Georgia,Georgia,1173,117,24,0.0,0,0,0,2,0
ORD000567,CUST0069,PROD0078,5605.19,20,10,Florida,Florida,1658,34,13,0.0,0,0,0,18,0
ORD000568,CUST0075,PROD0049,8865.53,16,5,Texas,Arizona,404,25,15,0.0,0,0,0,22,0
ORD000569,CUST0193,PROD0073,1361.0,10,20,New York,New York,439,38,21,0.0,0,0,0,2,0
ORD000570,CUST0172,PROD0079,6471.57,23,10,Illinois,Illinois,1615,26,4,0.0,0,0,0,5,0
ORD000571,CUST0285,PROD0007,10370.56,20,0,Washington,Washington,1393,27,26,11209.47,1,1,0,20,1
ORD000572,CUST0125,PROD0029,3863.81,23,40,Georgia,Georgia,1804,59,10,0.0,0,1,0,21,0
ORD000573,CUST0085,PROD0059,2458.39,18,25,Texas,California,1567,94,19,1510.16,1,0,0,18,0
ORD000574,CUST0015,PROD0066,4129.41,10,20,Georgia,Georgia,1906,85,12,0.0,0,1,0,17,0
ORD000575,CUST0003,PROD0012,3507.44,19,25,Illinois,Illinois,378,115,22,0.0,0,0,0,20,0
ORD000576,CUST0113,PROD0026,1835.79,8,30,Texas,Texas,544,43,18,0.0,0,1,0,8,0
ORD000577,CUST0278,PROD0044,3694.23,7,10,Georgia,Georgia,476,59,5,0.0,0,1,0,21,0
ORD000578,CUST0158,PROD0064,1198.3,11,15,New York,Illinois,111,46,5,0.0,0,0,0,21,0
ORD000579,CUST0269,PROD0010,3974.17,24,15,Illinois,Illinois,1558,6,6,4032.59,1,0,0,5,0
ORD000580,CUST0031,PROD0049,505.67,14,5,Washington,Arizona,1323,47,15,404.74,1,0,1,1,1
ORD000581,CUST0028,PROD0024,2349.03,10,5,California,California,172,32,8,0.0,0,0,0,12,0
ORD000582,CUST0251,PROD0018,1633.28,12,0,Texas,Texas,397,57,4,0.0,0,0,0,18,0
ORD000583,CUST0033,PROD0042,2465.8,7,15,Washington,Washington,382,19,3,0.0,0,1,0,20,0
ORD000584,CUST0016,PROD0034,1602.13,16,20,New York,New York,806,89,27,0.0,0,0,0,3,0
ORD000585,CUST0122,PROD0051,2962.02,9,20,California,California,911,101,29,0.0,0,1,0,9,0
ORD000586,CUST0278,PROD0026,2298.45,14,5,California,California,578,115,11,0.0,0,0,0,18,0
ORD000587,CUST0207,PROD0066,1932.53,9,5,Arizona,Arizona,1860,11,6,0.0,0,0,1,1,0
ORD000588,CUST0030,PROD0007,1600.84,8,10,Texas,Texas,426,14,12,991.36,1,0,1,17,0
ORD000589,CUST0252,PROD0069,8888.61,24,15,California,California,1124,116,4,0.0,0,0,1,6,0
ORD000590,CUST0254,PROD0003,1830.62,9,30,Illinois,Illinois,876,101,16,0.0,0,0,0,0,0
ORD000591,CUST0241,PROD0059,344.33,2,25,California,California,775,71,18,0.0,0,0,0,5,0
ORD000592,CUST0271,PROD0028,3601.65,10,30,Washington,Washington,1651,39,29,2878.33,1,0,0,17,0
ORD000593,CUST0072,PROD0031,3429.38,13,25,Illinois,Illinois,1956,62,9,0.0,0,0,0,20,0
ORD000594,CUST0294,PROD0002,259.24,3,40,Washington,Washington,12,64,5,0.0,0,0,0,1,0
ORD000595,CUST0097,PROD0057,3902.78,8,10,Florida,Florida,927,101,4,0.0,0,0,0,11,0
ORD000596,CUST0241,PROD0014,874.95,4,0,Arizona,Arizona,239,63,11,0.0,0,0,0,4,0
ORD000597,CUST0174,PROD0053,553.9,13,0,Washington,Washington,868,4,4,0.0,0,0,0,16,0
ORD000598,CUST0234,PROD0059,4971.26,18,10,Florida,Florida,1234,84,1,0.0,0,0,1,18,0
ORD000599,CUST0189,PROD0068,2094.96,24,5,California,California,823,93,22,0.0,0,1,0,23,0
ORD000600,CUST0193,PROD0057,1503.95,10,5,New York,New York,618,36,13,1202.85,1,0,1,8,0
ORD000601,CUST0185,PROD0025,5711.89,21,40,Texas,Texas,625,14,14,0.0,0,1,0,7,0
ORD000602,CUST0234,PROD0060,546.27,6,5,California,California,600,17,13,0.0,0,0,0,7,0
ORD000603,CUST0222,PROD0067,5563.52,19,40,New York,New York,652,101,4,0.0,0,0,0,18,0
ORD000604,CUST0041,PROD0026,6310.15,14,20,Texas,Texas,748,54,0,0.0,0,1,0,10,0
ORD000605,CUST0248,PROD0010,6004.39,19,15,California,California,1375,63,16,0.0,0,0,0,0,0
ORD000606,CUST0161,PROD0072,6976.93,19,15,New York,New York,192,115,16,3539.52,1,0,0,22,0
ORD000607,CUST0097,PROD0012,5076.4,13,10,Illinois,Illinois,82,8,8,0.0,0,0,0,2,0
ORD000608,CUST0155,PROD0048,3545.18,7,15,Texas,Texas,1033,25,25,0.0,0,1,0,22,0
ORD000609,CUST0291,PROD0019,2693.44,13,5,New York,Illinois,1363,100,4,0.0,0,0,0,3,0
ORD000610,CUST0258,PROD0011,1602.4,20,30,California,California,518,65,9,0.0,0,0,0,12,0
ORD000611,CUST0251,PROD0063,7321.47,24,5,California,California,403,4,4,4158.87,1,0,0,7,0
ORD000612,CUST0139,PROD0012,7194.87,23,5,Texas,Texas,1249,84,3,5827.27,1,1,0,16,1
ORD000613,CUST0236,PROD0054,492.76,5,20,Florida,Florida,769,17,0,0.0,0,0,0,9,0
ORD000614,CUST0116,PROD0056,4788.94,15,15,Washington,Washington,1472,94,2,0.0,0,0,1,8,0
ORD000615,CUST0206,PROD0005,76.12,3,10,Arizona,Arizona,293,95,15,0.0,0,0,0,11,0
ORD000616,CUST0192,PROD0014,8063.79,17,15,Washington,Washington,243,99,4,0.0,0,1,1,23,1
ORD000617,CUST0075,PROD0064,3954.73,24,5,Illinois,New York,1105,56,5,0.0,0,1,0,5,0
ORD000618,CUST0080,PROD0041,73.01,2,15,Georgia,Georgia,785,32,3,0.0,0,1,0,5,0
ORD000619,CUST0019,PROD0010,1258.33,16,5,New York,New York,1458,105,21,440.84,1,0,0,1,0
ORD000620,CUST0042,PROD0080,3481.67,23,5,Arizona,Arizona,1012,67,19,0.0,0,0,0,17,0
ORD000621,CUST0131,PROD0022,3568.37,21,5,Georgia,Georgia,709,76,28,0.0,0,0,1,16,0
ORD000622,CUST0144,PROD0001,351.27,10,10,Illinois,Illinois,320,17,3,0.0,0,0,1,14,0
ORD000623,CUST0050,PROD0074,491.47,3,10,Arizona,Arizona,327,75,6,466.69,1,1,0,0,0
ORD000624,CUST0126,PROD0002,2730.46,23,10,Texas,Texas,1511,70,13,1497.56,1,0,0,18,0
ORD000625,CUST0182,PROD0045,5235.26,23,5,Georgia,California,453,35,19,4852.53,1,0,0,19,1
ORD000626,CUST0070,PROD0080,3237.18,14,5,Illinois,Illinois,1005,92,3,0.0,0,0,0,22,0
ORD000627,CUST0102,PROD0047,4419.14,24,15,Texas,Texas,1636,16,6,4581.34,1,0,0,22,0
ORD000628,CUST0111,PROD0047,210.2,1,0,California,California,1795,86,12,0.0,0,1,0,6,0
ORD000629,CUST0152,PROD0032,864.53,15,20,Washington,Washington,536,115,0,354.49,1,0,0,17,0
ORD000630,CUST0110,PROD0011,24.23,1,30,Florida,Florida,220,68,11,20.8,1,0,0,9,0
ORD000631,CUST0222,PROD0046,2840.58,23,10,New York,New York,1549,13,13,0.0,0,0,1,14,0
ORD000632,CUST0099,PROD0072,5460.39,17,30,Florida,Florida,1374,66,15,5785.23,1,0,1,7,0
ORD000633,CUST0131,PROD0008,13082.73,22,0,Georgia,Georgia,663,63,13,0.0,0,0,0,15,0
ORD000634,CUST0114,PROD0071,7819.63,14,0,Florida,Florida,1187,66,14,0.0,0,1,0,22,0
ORD000635,CUST0055,PROD0034,499.92,2,20,California,California,378,33,28,0.0,0,0,0,15,0
ORD000636,CUST0206,PROD0043,262.77,1,20,New York,Illinois,1401,75,15,273.04,1,0,0,22,1
ORD000637,CUST0071,PROD0014,1366.59,9,25,Texas,Texas,1454,32,16,0.0,0,0,0,22,0
ORD000638,CUST0090,PROD0050,8439.93,18,0,Washington,Washington,599,67,27,0.0,0,1,0,2,0
ORD000639,CUST0238,PROD0015,1483.39,4,20,Arizona,Washington,937,71,4,0.0,0,0,0,23,0
ORD000640,CUST0285,PROD0022,9632.91,21,10,Arizona,Arizona,668,77,2,0.0,0,0,0,19,0
ORD000641,CUST0202,PROD0058,3074.54,6,5,Washington,Washington,63,95,13,0.0,0,0,0,10,0
ORD000642,CUST0275,PROD0005,3099.92,12,5,Arizona,Illinois,255,106,9,0.0,0,0,0,14,0
ORD000643,CUST0257,PROD0036,1394.36,5,40,Florida,Florida,1919,93,6,0.0,0,0,0,14,0
ORD000644,CUST0145,PROD0048,5852.54,12,0,Washington,Georgia,912,95,3,0.0,0,0,0,18,0
ORD000645,CUST0232,PROD0011,1640.98,11,25,California,California,296,104,26,0.0,0,0,1,19,0
ORD000646,CUST0099,PROD0024,475.12,1,15,Illinois,Illinois,89,29,18,0.0,0,1,0,2,0
ORD000647,CUST0139,PROD0028,836.84,14,20,Illinois,Illinois,707,35,20,0.0,0,0,0,0,0
ORD000648,CUST0161,PROD0054,9069.48,19,20,California,California,1965,64,3,0.0,0,0,0,5,0
ORD000649,CUST0289,PROD0079,8049.76,23,25,Illinois,Illinois,770,56,10,0.0,0,0,0,12,0
ORD000650,CUST0255,PROD0067,563.14,8,5,Washington,Washington,1998,84,18,0.0,0,0,1,20,0
ORD000651,CUST0147,PROD0016,8813.49,22,0,New York,New York,979,2,2,3159.54,1,0,0,15,0
ORD000652,CUST0196,PROD0002,744.71,22,15,Illinois,Illinois,1528,17,17,0.0,0,0,1,3,0
ORD000653,CUST0061,PROD0005,10080.9,24,10,New York,Illinois,1571,89,20,0.0,0,0,0,17,0
ORD000654,CUST0242,PROD0048,4351.94,9,0,New York,Illinois,57,98,12,0.0,0,1,0,11,0
ORD000655,CUST0166,PROD0013,7369.49,21,5,Texas,Texas,13,36,23,0.0,0,0,0,8,1
ORD000656,CUST0160,PROD0019,6513.94,14,10,New York,New York,1845,38,7,0.0,0,0,0,18,0
ORD000657,CUST0230,PROD0068,153.54,2,0,Arizona,Arizona,1865,67,2,0.0,0,0,0,7,0
ORD000658,CUST0190,PROD0070,1260.25,7,0,Georgia,California,266,57,27,0.0,0,0,0,14,0
ORD000659,CUST0022,PROD0068,3096.65,17,30,Washington,Washington,1292,21,0,1425.68,1,1,0,4,0
ORD000660,CUST0087,PROD0021,169.58,4,5,Illinois,Georgia,1847,60,8,0.0,0,0,0,9,0
ORD000661,CUST0054,PROD0050,1847.77,11,40,Illinois,Illinois,1901,98,3,0.0,0,0,0,13,0
ORD000662,CUST0221,PROD0049,1981.59,19,40,Florida,Florida,593,87,6,0.0,0,0,0,14,0
ORD000663,CUST0011,PROD0015,991.15,4,0,Florida,Florida,1634,98,11,747.25,1,0,0,22,0
ORD000664,CUST0061,PROD0045,2558.97,12,20,Illinois,Texas,1293,77,3,0.0,0,0,0,6,0
ORD000665,CUST0180,PROD0043,2703.3,6,15,Arizona,Arizona,1855,105,14,0.0,0,1,0,21,0
ORD000666,CUST0209,PROD0032,1838.7,13,20,Florida,Florida,294,30,27,0.0,0,0,1,19,0
ORD000667,CUST0151,PROD0061,3230.23,6,0,Illinois,Illinois,1202,6,4,3397.31,1,0,0,8,0
ORD000668,CUST0259,PROD0055,6089.04,24,5,Florida,Florida,49,14,14,0.0,0,1,0,3,1
ORD000669,CUST0276,PROD0043,420.26,2,0,New York,New York,715,119,12,450.36,1,0,0,6,0
ORD000670,CUST0040,PROD0059,6353.72,24,15,New York,New York,23,77,17,0.0,0,0,0,15,0
ORD000671,CUST0286,PROD0062,3147.49,20,40,California,Washington,886,30,13,0.0,0,0,0,18,1
ORD000672,CUST0185,PROD0046,3021.58,21,15,Florida,Florida,1622,102,9,0.0,0,0,0,14,0
ORD000673,CUST0191,PROD0022,5234.11,21,20,Washington,Texas,1316,37,3,0.0,0,0,0,17,0
ORD000674,CUST0029,PROD0061,324.14,5,40,Washington,Washington,634,72,17,0.0,0,1,0,2,0
ORD000675,CUST0187,PROD0058,4381.53,23,15,Georgia,Georgia,854,30,27,0.0,0,0,0,12,0
ORD000676,CUST0218,PROD0079,5222.37,15,0,California,Georgia,735,12,12,5639.24,1,0,0,20,1
ORD000677,CUST0175,PROD0012,4675.98,24,25,Arizona,New York,1463,32,17,0.0,0,0,0,9,1
ORD000678,CUST0026,PROD0034,9857.81,22,10,Arizona,Florida,533,28,19,0.0,0,0,0,21,1
ORD000679,CUST0157,PROD0074,2364.58,14,0,Florida,Texas,184,66,11,0.0,0,1,0,2,0
ORD000680,CUST0281,PROD0042,4717.99,9,10,New York,New York,1013,3,3,0.0,0,0,0,23,0
ORD000681,CUST0218,PROD0076,997.79,3,30,New York,New York,1660,29,15,0.0,0,1,0,18,0
ORD000682,CUST0042,PROD0001,1656.43,3,5,Washington,Texas,954,68,26,0.0,0,0,1,15,0
ORD000683,CUST0288,PROD0003,4555.07,10,10,Arizona,Arizona,409,47,9,0.0,0,0,0,14,0
ORD000684,CUST0288,PROD0064,1945.99,20,5,Washington,Washington,93,76,26,0.0,0,0,0,22,0
ORD000685,CUST0051,PROD0029,4229.51,13,0,Illinois,Illinois,1887,79,25,3276.03,1,0,0,9,0
ORD000686,CUST0241,PROD0042,1423.05,12,0,Washington,Washington,1521,115,7,874.71,1,0,0,3,0
ORD000687,CUST0123,PROD0035,2373.94,6,20,California,California,311,100,17,1669.7,1,1,0,22,0
ORD000688,CUST0179,PROD0033,3767.55,14,25,Illinois,Illinois,148,28,22,0.0,0,0,0,2,1
ORD000689,CUST0134,PROD0076,2764.81,16,0,California,California,259,83,14,0.0,0,1,0,15,0
ORD000690,CUST0235,PROD0008,12749.02,24,5,Georgia,Georgia,753,75,20,0.0,0,0,0,6,0
ORD000691,CUST0299,PROD0062,1484.42,18,5,Georgia,Georgia,1623,71,27,1531.85,1,0,0,22,0
ORD000692,CUST0239,PROD0072,5205.6,15,0,Illinois,Illinois,320,96,18,0.0,0,0,0,23,0
ORD000693,CUST0280,PROD0053,8194.41,22,15,New York,New York,1637,18,18,4095.85,1,1,0,11,0
ORD000694,CUST0284,PROD0032,476.36,11,20,Washington,Washington,4,45,24,0.0,0,0,0,12,0
ORD000695,CUST0028,PROD0013,7170.09,23,15,Washington,Washington,1477,98,24,0.0,0,0,0,10,0
ORD000696,CUST0077,PROD0055,3995.1,9,10,Washington,Washington,565,107,25,0.0,0,0,0,10,0
ORD000697,CUST0217,PROD0038,201.16,4,15,Illinois,Illinois,1921,5,5,61.73,1,1,0,22,0
ORD000698,CUST0178,PROD0012,3488.11,11,0,Texas,Texas,952,57,0,0.0,0,1,1,6,0
ORD000699,CUST0016,PROD0029,645.86,4,5,California,California,541,32,4,0.0,0,0,0,23,0
ORD000700,CUST0029,PROD0077,849.44,3,30,New York,New York,486,20,7,0.0,0,1,0,15,0
ORD000701,CUST0157,PROD0022,1563.46,22,20,Illinois,Illinois,1653,7,7,816.4,1,0,0,23,0
ORD000702,CUST0185,PROD0015,7888.86,20,30,Florida,Florida,806,65,15,0.0,0,0,0,14,0
ORD000703,CUST0051,PROD0055,2263.56,6,30,Illinois,Illinois,704,80,14,0.0,0,1,0,19,0
ORD000704,CUST0052,PROD0016,2282.39,21,15,New York,New York,1471,64,0,0.0,0,0,0,11,0
ORD000705,CUST0039,PROD0074,290.49,2,30,Georgia,California,1075,44,20,0.0,0,0,0,11,1
ORD000706,CUST0170,PROD0069,2273.22,7,10,New York,New York,1328,92,10,0.0,0,1,0,6,0
ORD000707,CUST0003,PROD0079,7420.09,17,0,Arizona,New York,891,78,22,0.0,0,0,0,5,1
ORD000708,CUST0172,PROD0074,2213.92,8,0,Florida,Florida,128,109,3,0.0,0,1,0,0,0
ORD000709,CUST0143,PROD0020,1991.68,18,0,Florida,Illinois,12,42,8,0.0,0,0,0,9,0
ORD000710,CUST0140,PROD0017,1688.57,21,0,Illinois,Illinois,79,29,1,1441.03,1,0,0,23,0
ORD000711,CUST0204,PROD0028,1079.76,2,10,New York,New York,1149,55,8,0.0,0,0,0,22,0
ORD000712,CUST0157,PROD0038,227.28,1,20,Texas,Texas,1027,61,27,135.59,1,0,0,16,0
ORD000713,CUST0219,PROD0071,9679.66,23,20,Florida,Florida,1495,55,14,0.0,0,0,0,8,0
ORD000714,CUST0230,PROD0059,3312.55,13,15,Arizona,Arizona,1789,100,13,0.0,0,1,1,12,0
ORD000715,CUST0277,PROD0052,7214.58,13,0,Texas,Texas,349,6,6,0.0,0,0,0,18,0
ORD000716,CUST0240,PROD0071,680.64,12,20,Florida,Florida,1914,63,7,0.0,0,0,0,0,0
ORD000717,CUST0156,PROD0052,852.7,11,10,Washington,Washington,1863,52,20,0.0,0,0,0,22,0
ORD000718,CUST0148,PROD0031,9506.17,17,0,Washington,Washington,1232,26,26,0.0,0,1,0,20,0
ORD000719,CUST0071,PROD0034,7574.96,14,5,Florida,Florida,1061,77,22,5588.82,1,0,0,23,0
ORD000720,CUST0180,PROD0042,729.13,4,10,California,Georgia,354,96,22,0.0,0,0,0,2,0
ORD000721,CUST0042,PROD0008,3435.13,16,5,California,California,357,65,14,0.0,0,0,0,22,0
ORD000722,CUST0280,PROD0060,3600.87,17,25,Florida,Florida,38,11,2,0.0,0,0,0,14,0
ORD000723,CUST0254,PROD0053,627.3,3,20,Arizona,Arizona,1292,9,9,0.0,0,1,0,13,0
ORD000724,CUST0036,PROD0059,1041.81,10,20,California,California,866,51,24,343.0,1,0,0,4,0
ORD000725,CUST0236,PROD0043,10280.1,19,0,Georgia,Illinois,384,80,15,7559.27,1,0,0,11,0
ORD000726,CUST0036,PROD0063,1877.83,15,25,Washington,Washington,268,38,2,0.0,0,1,0,8,0
ORD000727,CUST0217,PROD0076,1458.8,4,15,California,California,128,37,21,0.0,0,0,0,23,0
ORD000728,CUST0027,PROD0046,56.0,1,5,New York,New York,1282,103,27,0.0,0,0,0,8,0
ORD000729,CUST0147,PROD0036,505.46,14,15,Texas,Texas,1370,2,2,0.0,0,0,1,5,0
ORD000730,CUST0198,PROD0009,4310.97,12,10,Georgia,Georgia,1263,10,4,0.0,0,0,0,22,0
ORD000731,CUST0219,PROD0063,4679.19,24,10,Illinois,Illinois,222,19,19,0.0,0,1,0,4,0
ORD000732,CUST0126,PROD0073,5202.16,13,0,New York,New York,83,118,9,0.0,0,1,0,21,0
ORD000733,CUST0277,PROD0056,1542.82,23,10,New York,New York,213,60,21,0.0,0,0,0,23,0
ORD000734,CUST0233,PROD0070,3425.48,6,0,Illinois,Illinois,1503,19,19,1553.17,1,0,0,7,0
ORD000735,CUST0063,PROD0069,4745.75,11,5,California,California,1480,37,7,0.0,0,1,0,16,0
ORD000736,CUST0202,PROD0064,2112.94,4,0,New York,New York,590,116,1,0.0,0,0,0,19,0
ORD000737,CUST0220,PROD0041,832.88,14,40,Texas,Texas,111,83,16,0.0,0,0,1,12,0
ORD000738,CUST0101,PROD0008,977.04,5,5,Illinois,California,640,27,12,0.0,0,0,0,16,0
ORD000739,CUST0222,PROD0001,2523.31,12,10,Washington,New York,1619,29,25,0.0,0,0,0,3,0
ORD000740,CUST0270,PROD0017,2834.84,9,5,Florida,Florida,287,9,9,0.0,0,0,0,12,0
ORD000741,CUST0246,PROD0035,672.64,5,30,Texas,Texas,1592,92,7,0.0,0,0,0,12,0
ORD000742,CUST0229,PROD0060,140.67,3,15,New York,New York,927,17,17,87.25,1,0,0,13,0
ORD000743,CUST0191,PROD0037,2128.94,13,30,Arizona,Arizona,283,35,22,0.0,0,0,0,22,0
ORD000744,CUST0082,PROD0002,3662.9,23,5,Texas,Texas,1867,42,18,0.0,0,1,0,19,0
ORD000745,CUST0239,PROD0017,1219.17,5,0,Texas,Florida,1037,74,28,0.0,0,1,0,14,1
ORD000746,CUST0110,PROD0079,1141.01,10,15,California,New York,1343,73,23,0.0,0,0,1,9,0
ORD000747,CUST0160,PROD0080,928.26,6,10,Arizona,Arizona,194,96,25,541.95,1,1,0,9,0
ORD000748,CUST0095,PROD0031,5754.49,20,25,California,California,743,36,23,0.0,0,0,0,0,0
ORD000749,CUST0094,PROD0065,1838.47,10,25,Illinois,Illinois,1265,46,12,0.0,0,0,0,13,0
ORD000750,CUST0048,PROD0058,4758.96,24,10,Georgia,Texas,1291,47,1,0.0,0,0,0,6,0
ORD000751,CUST0289,PROD0075,1186.79,6,40,Washington,Washington,126,6,6,0.0,0,0,0,21,1
ORD000752,CUST0045,PROD0072,795.05,2,15,Florida,Florida,1208,88,22,0.0,0,0,0,18,0
ORD000753,CUST0026,PROD0051,3188.59,14,5,Texas,Texas,1889,64,29,1086.03,1,1,0,21,0
ORD000754,CUST0281,PROD0032,5194.96,16,10,California,California,1572,57,20,5315.15,1,0,0,23,1
ORD000755,CUST0167,PROD0051,13929.54,24,0,Texas,Texas,416,119,17,14014.7,1,0,0,9,0
ORD000756,CUST0132,PROD0026,5083.29,21,25,Georgia,Georgia,1825,22,17,0.0,0,0,0,10,0
ORD000757,CUST0222,PROD0028,12049.02,22,0,Texas,Texas,1366,116,3,0.0,0,0,0,14,0
ORD000758,CUST0115,PROD0049,7301.02,16,5,California,California,114,81,0,0.0,0,0,0,10,0
ORD000759,CUST0039,PROD0046,413.53,9,15,Arizona,Illinois,257,27,1,0.0,0,0,0,6,0
ORD000760,CUST0219,PROD0047,2957.65,11,0,Florida,Florida,1842,81,27,0.0,0,0,0,16,0
ORD000761,CUST0053,PROD0031,1700.1,4,0,New York,New York,419,90,23,667.15,1,0,0,10,0
ORD000762,CUST0166,PROD0033,5212.18,11,20,Washington,Washington,194,44,7,0.0,0,0,0,22,0
ORD000763,CUST0285,PROD0001,2572.72,9,0,Illinois,Illinois,902,42,12,0.0,0,1,0,5,0
ORD000764,CUST0281,PROD0049,66.43,1,10,Georgia,Georgia,1051,100,14,0.0,0,0,0,10,0
ORD000765,CUST0109,PROD0047,1556.84,5,10,Florida,Florida,1146,20,7,0.0,0,0,0,12,0
ORD000766,CUST0235,PROD0075,1153.58,13,5,Washington,Washington,1318,2,2,0.0,0,0,0,21,0
ORD000767,CUST0184,PROD0041,3897.79,9,5,Georgia,Georgia,1997,80,10,0.0,0,0,0,13,0
ORD000768,CUST0144,PROD0038,6037.49,24,20,Florida,Florida,1518,108,20,4485.4,1,0,1,1,0
ORD000769,CUST0042,PROD0006,3165.05,12,40,New York,New York,52,60,22,3434.45,1,0,0,8,1
ORD000770,CUST0113,PROD0016,12581.52,24,0,Georgia,Georgia,178,17,2,4978.56,1,0,0,21,0
ORD000771,CUST0196,PROD0028,3693.98,16,40,Texas,Texas,1,65,13,0.0,0,0,0,6,0
ORD000772,CUST0296,PROD0031,318.93,1,15,California,California,791,30,29,0.0,0,0,0,8,0
ORD000773,CUST0002,PROD0030,1945.02,5,15,Illinois,Florida,701,99,26,0.0,0,0,0,3,0
ORD000774,CUST0216,PROD0032,6917.29,17,20,Georgia,Georgia,1867,73,23,0.0,0,0,0,17,0
ORD000775,CUST0254,PROD0062,5869.37,14,20,California,New York,732,41,22,0.0,0,1,1,3,1
ORD000776,CUST0286,PROD0011,246.78,8,25,Arizona,Florida,62,75,0,0.0,0,0,0,8,0
ORD000777,CUST0128,PROD0027,4008.31,13,10,Arizona,Arizona,1767,80,29,0.0,0,0,0,17,0
ORD000778,CUST0036,PROD0014,2719.66,22,15,Georgia,New York,521,81,22,0.0,0,0,0,21,0
ORD000779,CUST0082,PROD0025,4930.51,10,5,Florida,Florida,1825,44,26,3752.9,1,1,0,5,0
ORD000780,CUST0256,PROD0055,792.14,2,0,New York,New York,1549,68,27,695.92,1,0,0,7,0
ORD000781,CUST0264,PROD0004,1793.36,8,15,Illinois,Illinois,1761,6,6,0.0,0,1,0,2,0
ORD000782,CUST0192,PROD0028,2969.31,23,0,Texas,Texas,1639,49,0,0.0,0,0,0,10,0
ORD000783,CUST0037,PROD0002,3910.24,19,5,Arizona,Arizona,287,45,19,0.0,0,1,1,23,1
ORD000784,CUST0037,PROD0077,8992.01,21,0,Washington,Washington,1252,64,13,0.0,0,0,0,7,0
ORD000785,CUST0144,PROD0059,2895.25,22,5,Florida,Florida,824,114,0,0.0,0,0,0,6,0
ORD000786,CUST0177,PROD0020,189.41,3,15,Illinois,Illinois,1257,114,8,0.0,0,0,1,9,0
ORD000787,CUST0010,PROD0016,3183.59,7,15,Washington,Washington,1492,58,29,1751.32,1,0,0,21,0
ORD000788,CUST0206,PROD0008,833.84,2,10,Illinois,Illinois,1002,77,10,364.82,1,0,0,13,0
ORD000789,CUST0164,PROD0038,135.88,1,0,Arizona,Texas,625,13,7,0.0,0,0,0,14,0
ORD000790,CUST0004,PROD0061,3582.32,21,10,Georgia,Georgia,1832,58,19,0.0,0,0,0,18,0
ORD000791,CUST0029,PROD0047,12084.67,23,10,Georgia,Georgia,1326,82,19,9259.09,1,0,0,17,0
ORD000792,CUST0137,PROD0071,1378.39,4,20,Illinois,Florida,1771,82,9,887.0,1,1,0,14,0
ORD000793,CUST0217,PROD0028,5723.77,18,15,Washington,Washington,475,115,25,0.0,0,1,0,13,0
ORD000794,CUST0248,PROD0023,2321.57,13,10,New York,New York,1676,56,17,0.0,0,0,0,12,0
ORD000795,CUST0130,PROD0039,348.29,2,10,California,California,647,109,4,225.68,1,0,0,4,0
ORD000796,CUST0089,PROD0017,566.59,22,40,Florida,Florida,921,117,9,372.91,1,0,0,9,0
ORD000797,CUST0291,PROD0079,7434.33,21,20,Arizona,Arizona,1720,69,25,0.0,0,1,0,20,0
ORD000798,CUST0138,PROD0015,567.52,14,10,Texas,Texas,710,11,2,0.0,0,0,0,0,0
ORD000799,CUST0095,PROD0039,349.1,17,10,Illinois,Illinois,501,45,0,0.0,0,0,0,19,0
ORD000800,CUST0133,PROD0042,4431.07,10,0,Texas,Texas,1831,92,19,0.0,0,0,1,13,0
ORD000801,CUST0004,PROD0005,7984.85,20,30,Florida,Florida,1928,70,13,0.0,0,0,0,8,0
ORD000802,CUST0091,PROD0038,4794.16,11,5,Texas,Texas,622,112,7,0.0,0,0,0,2,0
ORD000803,CUST0155,PROD0037,6692.97,24,5,Washington,Georgia,613,98,14,0.0,0,0,0,18,0
ORD000804,CUST0276,PROD0021,362.29,2,40,Arizona,Arizona,456,8,5,0.0,0,0,0,0,0
ORD000805,CUST0222,PROD0011,1091.84,5,20,Arizona,Arizona,48,103,11,0.0,0,0,0,13,0
ORD000806,CUST0235,PROD0004,4999.04,24,0,Washington,Washington,1106,43,7,0.0,0,0,0,3,0
ORD000807,CUST0164,PROD0001,2258.16,7,0,Texas,Texas,510,98,17,0.0,0,0,0,21,0
ORD000808,CUST0034,PROD0039,2160.54,8,0,Illinois,Illinois,1698,61,20,0.0,0,0,0,4,0
ORD000809,CUST0118,PROD0008,5926.04,19,15,California,California,343,55,27,5690.47,1,0,0,19,0
ORD000810,CUST0300,PROD0077,2704.55,5,0,New York,New York,1270,9,2,0.0,0,0,0,13,0
ORD000811,CUST0014,PROD0020,5433.66,13,30,Illinois,Illinois,1014,15,9,0.0,0,1,0,0,0
ORD000812,CUST0264,PROD0053,321.79,7,30,Washington,Washington,1224,71,7,0.0,0,0,0,17,0
ORD000813,CUST0206,PROD0054,1033.24,5,15,California,California,226,68,17,872.9,1,0,0,21,0
ORD000814,CUST0086,PROD0040,2546.12,24,15,Arizona,Arizona,933,67,15,0.0,0,0,0,5,0
ORD000815,CUST0234,PROD0071,1065.09,5,5,Florida,Florida,1252,19,19,0.0,0,0,1,23,0
ORD000816,CUST0252,PROD0009,560.2,3,0,Georgia,Illinois,682,61,27,453.53,1,1,0,19,1
ORD000817,CUST0013,PROD0019,1648.75,17,20,Illinois,Illinois,1749,8,8,0.0,0,0,0,17,0
ORD000818,CUST0032,PROD0021,9726.45,21,0,Illinois,Illinois,1059,18,5,0.0,0,0,0,8,0
ORD000819,CUST0200,PROD0011,1231.39,4,0,Washington,Washington,725,60,1,0.0,0,0,0,2,0
ORD000820,CUST0300,PROD0024,8933.57,17,5,Arizona,Arizona,62,74,26,9420.59,1,0,0,10,1
ORD000821,CUST0008,PROD0026,505.75,13,0,Texas,Texas,337,78,28,0.0,0,0,1,19,0
ORD000822,CUST0200,PROD0062,1059.25,20,10,Illinois,Illinois,953,117,7,0.0,0,0,1,14,0
ORD000823,CUST0041,PROD0025,812.48,4,20,California,California,800,102,1,304.54,1,0,0,15,0
ORD000824,CUST0196,PROD0071,1198.1,24,25,Florida,Florida,1743,46,20,627.94,1,1,0,18,0
ORD000825,CUST0187,PROD0062,2197.89,15,15,Arizona,Arizona,1572,94,17,2141.33,1,1,0,8,0
ORD000826,CUST0028,PROD0073,9322.38,21,25,Arizona,Arizona,318,12,12,0.0,0,0,0,0,0
ORD000827,CUST0205,PROD0009,1143.69,9,10,New York,Illinois,1183,103,17,0.0,0,1,0,21,0
ORD000828,CUST0270,PROD0079,2327.17,23,25,Florida,Florida,909,47,22,0.0,0,0,0,14,0
ORD000829,CUST0260,PROD0050,5079.05,16,10,Illinois,Illinois,203,91,23,3764.48,1,0,0,13,0
ORD000830,CUST0009,PROD0079,1173.59,4,5,Florida,Florida,1332,116,0,0.0,0,1,0,13,0
ORD000831,CUST0074,PROD0029,5742.13,23,30,Texas,Texas,1074,84,4,2797.53,1,0,0,20,0
ORD000832,CUST0073,PROD0077,4531.62,20,5,New York,New York,175,110,23,0.0,0,0,0,18,0
ORD000833,CUST0136,PROD0048,3996.18,8,0,Florida,Florida,936,2,2,0.0,0,0,0,16,0
ORD000834,CUST0043,PROD0006,1335.01,14,5,Illinois,Illinois,1463,21,6,0.0,0,0,1,18,0
ORD000835,CUST0257,PROD0033,2416.21,10,10,Georgia,Georgia,654,75,22,0.0,0,1,0,6,0
ORD000836,CUST0234,PROD0012,5292.78,14,10,Illinois,Illinois,714,65,6,0.0,0,0,0,17,0
ORD000837,CUST0243,PROD0076,11309.27,24,10,Florida,Georgia,221,15,4,9230.91,1,0,0,23,1
ORD000838,CUST0060,PROD0025,3609.01,22,30,Washington,Illinois,409,86,0,3285.85,1,0,0,5,1
ORD000839,CUST0005,PROD0018,1990.97,6,5,Arizona,Texas,1962,7,7,0.0,0,0,0,13,0
ORD000840,CUST0274,PROD0045,1298.19,24,10,Florida,Illinois,1241,118,19,826.13,1,0,0,16,0
ORD000841,CUST0087,PROD0035,1175.97,11,10,Florida,Florida,352,19,19,0.0,0,0,0,12,0
ORD000842,CUST0197,PROD0008,766.28,17,25,Texas,Texas,966,54,27,0.0,0,0,0,23,0
ORD000843,CUST0273,PROD0066,7981.19,19,5,Arizona,Arizona,386,98,19,0.0,0,1,0,9,0
ORD000844,CUST0011,PROD0068,2244.9,12,0,Arizona,Arizona,886,62,22,0.0,0,0,0,5,0
ORD000845,CUST0002,PROD0060,4353.75,11,10,Texas,Texas,292,89,6,0.0,0,0,0,3,0
ORD000846,CUST0002,PROD0050,547.08,11,15,New York,New York,1237,84,10,0.0,0,0,0,20,0
ORD000847,CUST0047,PROD0033,8740.67,21,20,New York,Florida,1140,113,9,5508.4,1,0,0,16,0
ORD000848,CUST0016,PROD0044,4289.16,10,15,Georgia,Georgia,1267,56,1,4250.45,1,0,0,13,0
ORD000849,CUST0246,PROD0042,400.84,7,20,California,Florida,887,117,29,0.0,0,0,1,10,0
ORD000850,CUST0182,PROD0014,273.61,9,10,Texas,Texas,572,62,7,0.0,0,0,0,9,0
ORD000851,CUST0295,PROD0007,263.24,5,0,New York,New York,499,107,13,0.0,0,0,1,22,0
ORD000852,CUST0241,PROD0021,5151.06,10,0,Illinois,Illinois,431,88,10,0.0,0,1,1,16,0
ORD000853,CUST0289,PROD0037,468.38,3,0,Texas,Texas,859,16,1,0.0,0,0,0,23,0
ORD000854,CUST0072,PROD0013,963.3,3,5,Illinois,Texas,903,77,27,0.0,0,0,0,19,1
ORD000855,CUST0087,PROD0009,4328.99,18,10,Washington,California,1347,105,6,0.0,0,0,0,18,0
ORD000856,CUST0255,PROD0069,866.53,2,10,Arizona,Arizona,105,16,3,0.0,0,0,0,13,0
ORD000857,CUST0074,PROD0030,3612.38,14,15,California,California,564,100,10,0.0,0,0,0,5,0
ORD000858,CUST0018,PROD0047,5307.55,19,10,Texas,Texas,1705,13,4,0.0,0,0,0,15,0
ORD000859,CUST0201,PROD0042,9083.2,18,15,California,New York,1830,104,29,0.0,0,1,0,17,0
ORD000860,CUST0241,PROD0059,1001.15,11,15,Georgia,Georgia,1861,94,5,0.0,0,1,0,12,0
ORD000861,CUST0291,PROD0060,2383.59,5,5,Washington,Washington,613,19,9,0.0,0,1,0,0,0
ORD000862,CUST0279,PROD0024,1035.31,23,10,Illinois,Illinois,275,87,8,853.7,1,0,0,23,0
ORD000863,CUST0037,PROD0068,5302.1,21,15,Arizona,Arizona,397,14,0,0.0,0,0,0,19,0
ORD000864,CUST0232,PROD0030,6809.45,15,15,Illinois,Illinois,264,68,0,0.0,0,0,0,8,0
ORD000865,CUST0254,PROD0067,1156.6,3,5,Texas,Texas,1909,110,15,0.0,0,1,0,11,0
ORD000866,CUST0210,PROD0033,375.68,1,10,Illinois,Georgia,1766,25,6,310.58,1,0,1,2,1
ORD000867,CUST0246,PROD0009,1105.43,8,20,Washington,Washington,1621,21,2,0.0,0,1,0,22,0
ORD000868,CUST0252,PROD0061,893.43,4,15,California,California,1459,51,8,0.0,0,0,0,5,0
ORD000869,CUST0134,PROD0003,4884.96,21,0,Illinois,Illinois,686,44,8,3433.84,1,1,0,9,0
ORD000870,CUST0013,PROD0062,1450.97,5,10,Florida,Florida,951,6,6,887.67,1,1,0,10,0
ORD000871,CUST0137,PROD0004,1411.65,7,30,California,California,1683,55,29,991.69,1,0,0,6,0
ORD000872,CUST0061,PROD0017,5030.43,24,0,New York,New York,1628,31,9,0.0,0,0,0,15,0
ORD000873,CUST0035,PROD0049,2957.68,20,25,Florida,Florida,1038,15,15,0.0,0,1,0,23,0
ORD000874,CUST0038,PROD0076,943.32,6,5,New York,New York,1675,33,23,621.17,1,0,0,20,0
ORD000875,CUST0210,PROD0033,2085.55,10,10,New York,New York,694,3,1,0.0,0,1,0,12,0
ORD000876,CUST0152,PROD0010,1251.5,13,10,Washington,Washington,827,109,15,0.0,0,1,0,3,0
ORD000877,CUST0162,PROD0019,8413.13,16,0,Florida,Florida,1679,119,13,0.0,0,1,0,20,0
ORD000878,CUST0224,PROD0072,5944.59,23,30,Florida,Florida,753,44,15,0.0,0,0,0,6,0
ORD000879,CUST0165,PROD0059,1844.57,21,10,Arizona,Arizona,1504,105,5,0.0,0,0,1,21,0
ORD000880,CUST0190,PROD0009,6083.11,24,40,California,California,907,55,13,0.0,0,0,0,9,0
ORD000881,CUST0026,PROD0031,486.06,1,5,New York,Washington,596,109,3,0.0,0,0,0,12,0
ORD000882,CUST0256,PROD0022,709.97,6,25,California,California,438,21,21,0.0,0,0,0,10,0
ORD000883,CUST0135,PROD0015,1052.01,14,30,Georgia,Georgia,1213,34,17,0.0,0,0,0,10,0
ORD000884,CUST0047,PROD0068,42.5,2,15,Texas,Texas,959,89,1,0.0,0,0,0,3,0
ORD000885,CUST0244,PROD0050,405.31,9,5,Arizona,Arizona,739,27,15,0.0,0,0,1,13,0
ORD000886,CUST0221,PROD0015,1478.74,4,20,Texas,Texas,1486,99,27,0.0,0,0,0,9,0
ORD000887,CUST0016,PROD0053,11584.71,23,15,New York,Arizona,3,51,22,0.0,0,0,0,20,1
ORD000888,CUST0058,PROD0034,64.44,2,30,Illinois,Illinois,185,49,8,0.0,0,0,0,11,0
ORD000889,CUST0005,PROD0005,1633.97,4,10,Arizona,Arizona,1923,54,26,0.0,0,0,0,23,0
ORD000890,CUST0082,PROD0036,292.98,5,5,Texas,Texas,1327,95,5,0.0,0,0,0,7,0
ORD000891,CUST0030,PROD0015,1453.75,4,0,Texas,Texas,1099,1,1,509.89,1,0,1,7,0
ORD000892,CUST0213,PROD0020,5135.47,14,20,Georgia,Georgia,30,90,4,4824.2,1,0,0,0,1
ORD000893,CUST0157,PROD0071,1233.03,9,40,New York,New York,1197,93,27,1069.05,1,0,0,17,0
ORD000894,CUST0295,PROD0057,579.53,22,0,Texas,Texas,870,98,21,0.0,0,0,0,1,0
ORD000895,CUST0225,PROD0011,2045.18,7,20,Washington,Washington,1200,119,15,0.0,0,0,0,6,0
ORD000896,CUST0184,PROD0069,5413.79,13,30,California,California,82,94,20,0.0,0,0,0,21,0
ORD000897,CUST0153,PROD0046,2710.69,16,0,Arizona,Arizona,1101,63,7,2738.04,1,0,0,14,0
ORD000898,CUST0017,PROD0070,2078.48,16,0,Georgia,Georgia,1156,56,2,0.0,0,1,0,13,0
ORD000899,CUST0022,PROD0060,1470.03,20,20,Arizona,Arizona,580,47,25,0.0,0,1,0,19,0
ORD000900,CUST0185,PROD0028,1453.71,5,15,New York,New York,109,99,28,0.0,0,1,0,18,0
ORD000901,CUST0002,PROD0043,4757.2,13,0,California,California,1943,47,1,0.0,0,1,0,21,0
ORD000902,CUST0013,PROD0043,7192.76,20,25,Florida,Florida,1419,69,1,0.0,0,0,0,15,0
ORD000903,CUST0066,PROD0058,8633.19,21,10,New York,Texas,1243,12,12,2632.03,1,1,0,10,1
ORD000904,CUST0266,PROD0020,5645.58,15,30,Georgia,Georgia,1534,38,1,0.0,0,0,0,3,0
ORD000905,CUST0138,PROD0027,5848.18,16,25,Washington,Washington,1342,32,21,0.0,0,0,1,8,0
ORD000906,CUST0213,PROD0020,2573.78,21,25,Georgia,Georgia,269,52,28,1105.56,1,0,0,16,0
ORD000907,CUST0124,PROD0024,4622.52,15,10,Arizona,Arizona,910,60,8,0.0,0,1,0,6,0
ORD000908,CUST0052,PROD0013,4206.1,23,5,Washington,Florida,1777,86,8,0.0,0,0,0,16,0
ORD000909,CUST0112,PROD0003,760.59,4,10,California,California,576,52,25,0.0,0,0,0,3,0
ORD000910,CUST0028,PROD0076,5044.75,9,0,California,California,1944,18,10,0.0,0,0,0,1,0
ORD000911,CUST0232,PROD0006,1059.52,3,15,California,Illinois,129,65,7,0.0,0,1,1,8,0
ORD000912,CUST0056,PROD0072,1755.79,3,0,Illinois,Illinois,662,7,2,0.0,0,0,1,5,0
ORD000913,CUST0113,PROD0001,2827.54,12,10,Texas,Texas,701,102,25,0.0,0,1,0,20,0
ORD000914,CUST0295,PROD0063,1990.28,6,0,Georgia,Georgia,1235,92,27,0.0,0,0,0,9,0
ORD000915,CUST0178,PROD0027,2874.01,10,5,Texas,Texas,353,27,2,0.0,0,0,0,10,0
ORD000916,CUST0138,PROD0042,859.27,11,5,Georgia,Georgia,459,32,24,601.92,1,0,0,9,0
ORD000917,CUST0163,PROD0023,2005.41,15,15,Washington,Washington,1324,4,4,0.0,0,0,0,7,0
ORD000918,CUST0236,PROD0040,5998.94,23,20,California,California,569,44,4,0.0,0,1,0,22,0
ORD000919,CUST0077,PROD0037,1240.62,21,0,California,California,1758,5,5,0.0,0,0,0,17,0
ORD000920,CUST0191,PROD0043,4201.86,10,25,Florida,Florida,1740,112,13,0.0,0,0,1,3,0
ORD000921,CUST0262,PROD0032,550.98,8,25,New York,New York,606,16,16,0.0,0,0,0,5,1
ORD000922,CUST0172,PROD0043,2305.57,19,10,New York,Florida,1120,79,20,0.0,0,0,0,1,0
ORD000923,CUST0134,PROD0067,1182.91,3,15,Illinois,Illinois,666,68,4,454.87,1,1,0,6,0
ORD000924,CUST0044,PROD0035,891.8,13,10,Texas,Texas,690,29,17,708.09,1,0,0,15,0
ORD000925,CUST0075,PROD0029,5665.59,11,5,Texas,Texas,1341,97,26,0.0,0,0,0,22,0
ORD000926,CUST0284,PROD0011,1984.08,5,10,Washington,Washington,586,13,13,0.0,0,1,1,11,0
ORD000927,CUST0163,PROD0029,897.0,15,0,Georgia,Georgia,299,106,6,567.2,1,0,0,1,0
ORD000928,CUST0091,PROD0011,2527.63,8,25,New York,New York,518,89,3,1033.67,1,1,0,1,0
ORD000929,CUST0126,PROD0015,1352.21,5,30,Georgia,Georgia,1858,76,13,0.0,0,0,0,9,0
ORD000930,CUST0174,PROD0077,5511.15,16,25,New York,New York,519,105,14,0.0,0,0,0,6,0
ORD000931,CUST0162,PROD0008,2126.51,5,15,New York,New York,728,48,10,0.0,0,1,0,13,0
ORD000932,CUST0210,PROD0039,6309.5,17,15,California,California,1258,34,3,0.0,0,0,0,2,0
ORD000933,CUST0078,PROD0067,863.96,4,40,Florida,Florida,203,19,3,442.15,1,0,0,5,0
ORD000934,CUST0195,PROD0077,2163.45,11,5,Florida,Florida,537,111,15,1760.28,1,0,0,13,0
ORD000935,CUST0133,PROD0012,8488.37,20,0,Washington,Washington,350,48,28,2804.69,1,0,1,6,0
ORD000936,CUST0283,PROD0014,2932.72,6,15,Texas,Florida,1848,99,17,0.0,0,0,0,8,0
ORD000937,CUST0048,PROD0030,6511.77,19,5,Texas,Texas,1865,40,13,6810.16,1,0,0,5,0
ORD000938,CUST0045,PROD0045,6930.97,18,5,Florida,Florida,1511,114,27,0.0,0,0,0,1,0
ORD000939,CUST0139,PROD0077,6017.75,22,0,California,California,494,104,20,0.0,0,0,0,8,0
ORD000940,CUST0153,PROD0017,1948.84,5,15,Texas,Texas,1233,37,21,0.0,0,0,0,7,0
ORD000941,CUST0208,PROD0014,10236.87,18,5,Washington,Washington,1324,58,17,0.0,0,1,0,21,0
ORD000942,CUST0122,PROD0021,2469.61,23,5,Georgia,New York,1738,95,22,962.53,1,0,0,21,0
ORD000943,CUST0275,PROD0070,2610.51,19,0,Illinois,Illinois,313,27,15,0.0,0,1,0,10,0
ORD000944,CUST0143,PROD0003,1497.93,5,10,Texas,Texas,1472,3,3,0.0,0,0,0,6,0
ORD000945,CUST0039,PROD0031,4487.97,20,25,Georgia,Georgia,389,35,18,0.0,0,0,0,10,0
ORD000946,CUST0036,PROD0010,949.08,3,10,Illinois,Illinois,1137,71,22,0.0,0,0,0,14,0
ORD000947,CUST0293,PROD0013,617.9,15,15,Washington,Washington,1758,17,17,0.0,0,0,0,9,0
ORD000948,CUST0041,PROD0074,2443.01,12,20,Texas,Texas,125,40,8,0.0,0,0,0,18,0
ORD000949,CUST0285,PROD0001,4422.87,13,5,Illinois,Illinois,296,110,20,0.0,0,0,0,23,0
ORD000950,CUST0084,PROD0026,3504.26,13,25,California,California,1626,9,0,0.0,0,0,0,9,0
ORD000951,CUST0029,PROD0074,321.0,1,20,Washington,Washington,38,6,6,237.82,1,0,0,2,0
ORD000952,CUST0092,PROD0049,4836.86,13,15,Texas,Texas,1370,51,26,4328.38,1,0,0,2,0
ORD000953,CUST0185,PROD0006,9018.24,23,0,Georgia,Georgia,1002,2,2,7478.9,1,1,0,20,0
ORD000954,CUST0129,PROD0038,5261.75,11,0,California,California,693,4,4,0.0,0,0,0,9,0
ORD000955,CUST0236,PROD0078,1605.92,7,40,Washington,Washington,1725,22,18,0.0,0,1,0,7,0
ORD000956,CUST0184,PROD0033,6369.69,24,20,Texas,Texas,1698,13,10,0.0,0,0,0,14,0
ORD000957,CUST0121,PROD0043,780.35,3,30,Washington,Washington,652,97,12,0.0,0,1,1,22,1
ORD000958,CUST0191,PROD0043,661.01,12,30,Florida,Florida,9,15,6,0.0,0,1,0,10,0
ORD000959,CUST0292,PROD0053,2319.6,13,0,Georgia,Georgia,257,63,18,0.0,0,1,0,7,0
ORD000960,CUST0124,PROD0015,3128.56,12,20,Washington,Washington,215,84,5,0.0,0,0,0,20,0
ORD000961,CUST0047,PROD0068,10895.08,23,10,New York,California,1964,75,13,0.0,0,0,1,1,1
ORD000962,CUST0123,PROD0080,3641.88,11,20,California,Arizona,1194,78,28,0.0,0,0,0,20,0
ORD000963,CUST0253,PROD0012,1738.48,24,0,Illinois,Illinois,1353,43,22,0.0,0,0,0,12,0
ORD000964,CUST0066,PROD0066,690.69,2,5,Florida,Florida,462,106,12,0.0,0,0,0,0,0
ORD000965,CUST0285,PROD0066,2139.96,18,20,California,California,1701,9,9,0.0,0,1,0,5,0
ORD000966,CUST0177,PROD0060,5348.76,15,20,Illinois,Georgia,1445,13,0,5314.94,1,1,0,16,0
ORD000967,CUST0181,PROD0030,2549.57,6,15,Texas,Texas,1504,102,28,0.0,0,0,0,18,0
ORD000968,CUST0096,PROD0038,2075.97,6,5,Texas,Texas,937,9,9,0.0,0,0,0,4,0
ORD000969,CUST0277,PROD0068,6207.13,18,5,California,Texas,1396,23,23,0.0,0,0,0,15,0
ORD000970,CUST0011,PROD0013,2077.28,16,40,New York,New York,1088,21,21,2115.6,1,1,0,23,1
ORD000971,CUST0090,PROD0067,3764.14,15,10,Texas,Texas,769,4,4,0.0,0,0,0,16,0
ORD000972,CUST0126,PROD0074,938.13,2,10,California,Florida,1189,14,14,0.0,0,1,0,16,1
ORD000973,CUST0144,PROD0055,5603.95,15,15,Florida,Florida,649,69,22,0.0,0,0,0,4,0
ORD000974,CUST0143,PROD0028,6943.47,24,10,Texas,Texas,1905,79,7,0.0,0,1,0,15,0
ORD000975,CUST0045,PROD0045,198.54,1,15,Texas,Texas,1434,10,5,0.0,0,0,0,17,0
ORD000976,CUST0068,PROD0005,531.58,12,10,Florida,Florida,1478,113,10,500.75,1,0,0,2,0
ORD000977,CUST0029,PROD0075,926.5,12,25,California,California,1433,12,12,0.0,0,0,0,7,0
ORD000978,CUST0172,PROD0028,2032.1,22,30,Georgia,Georgia,897,82,22,2155.35,1,1,0,21,0
ORD000979,CUST0106,PROD0005,1159.16,7,30,Florida,Florida,1901,96,7,0.0,0,0,0,23,0
ORD000980,CUST0170,PROD0064,5789.55,12,15,Georgia,Georgia,416,62,16,0.0,0,1,0,4,0
ORD000981,CUST0177,PROD0053,5070.42,18,10,Georgia,Georgia,1137,59,0,2575.83,1,0,0,17,0
ORD000982,CUST0211,PROD0050,249.93,2,20,Georgia,Georgia,139,13,0,199.29,1,1,0,12,0
ORD000983,CUST0165,PROD0005,1220.03,20,25,Illinois,Illinois,589,29,29,0.0,0,1,1,14,1
ORD000984,CUST0195,PROD0061,3675.69,20,15,Florida,Illinois,1149,102,25,0.0,0,0,0,12,0
ORD000985,CUST0177,PROD0051,7100.98,18,20,Washington,Washington,979,42,25,0.0,0,1,0,20,0
ORD000986,CUST0196,PROD0064,3101.94,16,20,California,California,1882,5,5,2256.69,1,1,0,10,0
ORD000987,CUST0185,PROD0067,7161.22,18,15,Arizona,Arizona,1227,87,15,0.0,0,0,0,14,0
ORD000988,CUST0095,PROD0017,7380.65,19,20,New York,New York,823,82,20,0.0,0,0,0,16,0
ORD000989,CUST0074,PROD0017,1761.37,22,5,California,California,854,8,7,0.0,0,0,0,13,0
ORD000990,CUST0237,PROD0074,3692.92,11,10,Texas,Arizona,1223,7,7,1521.95,1,0,0,21,0
ORD000991,CUST0103,PROD0043,5388.18,11,15,Texas,Georgia,1582,14,14,0.0,0,0,0,5,1
ORD000992,CUST0165,PROD0036,4051.84,16,0,California,California,553,7,7,0.0,0,0,0,22,0
ORD000993,CUST0060,PROD0023,185.8,5,25,Washington,Washington,1169,74,13,0.0,0,1,0,16,0
ORD000994,CUST0130,PROD0052,9915.95,21,15,California,California,1149,16,9,0.0,0,0,1,23,0
ORD000995,CUST0159,PROD0061,10118.0,19,0,Arizona,Arizona,19,73,24,0.0,0,1,0,8,0
ORD000996,CUST0188,PROD0001,3874.1,16,25,Florida,Florida,1825,21,21,0.0,0,0,0,11,0
ORD000997,CUST0158,PROD0045,2177.96,8,20,Washington,Florida,1140,116,29,0.0,0,0,0,1,0
ORD000998,CUST0109,PROD0080,1028.23,9,20,New York,New York,484,87,23,0.0,0,0,0,22,0
ORD000999,CUST0289,PROD0023,4903.29,11,10,Texas,Texas,1267,45,10,0.0,0,0,0,19,0
ORD001000,CUST0154,PROD0023,3710.26,16,25,Texas,Texas,1355,52,23,0.0,0,1,0,7,0
